Stn Id,Stn Name,CIMIS Region,Date,Jul,ETo (in),qc,Precip (in),qc,Sol Rad (Ly/day),qc,Avg Vap Pres (mBars),qc,Max Air Temp (F),qc,Min Air Temp (F),qc,Avg Air Temp (F),qc,Max Rel Hum (%),qc,Min Rel Hum (%),qc,Avg Rel Hum (%),qc,Dew Point (F),qc,Avg Wind Speed (mph),qc,Wind Run (miles),qc,Avg Soil Temp (F),qc
152,Camarillo,Central Coast Valleys,9/1/2024,245,0.19, ,0.09, ,570, ,18.2, ,80.8, ,56.0, ,68.1, ,98, ,59, ,78, ,60.8, ,3.3, ,79.6, ,67.4,Y
152,Camarillo,Central Coast Valleys,9/2/2024,246,0.18, ,0.11, ,558, ,19.2, ,80.6, ,57.4, ,68.6, ,98, ,64, ,80, ,62.4, ,2.9, ,69.4, ,67.9, 
152,Camarillo,Central Coast Valleys,9/3/2024,247,0.19, ,0.07, ,561, ,19.2, ,83.4, ,58.0, ,68.8, ,98, ,59, ,80, ,62.4, ,2.9, ,69.5, ,68.1, 
152,Camarillo,Central Coast Valleys,9/4/2024,248,0.19, ,0.11, ,561, ,18.4, ,83.1, ,56.9, ,69.9, ,98, ,51, ,74, ,61.2, ,2.8, ,66.6, ,68.0, 
152,Camarillo,Central Coast Valleys,9/5/2024,249,0.21, ,0.10, ,552, ,18.9, ,96.0,Y,59.8, ,75.0, ,97, ,35, ,64, ,61.9, ,2.7, ,64.9, ,69.3, 
152,Camarillo,Central Coast Valleys,9/6/2024,250,0.20,R,0.02, ,528, ,19.2, ,103.6,R,63.0, ,78.5,Y,97,H,28,H,58,Y,62.3,Y,2.6, ,62.7, ,70.9, 
152,Camarillo,Central Coast Valleys,9/7/2024,251,0.20, ,0.00, ,515, ,19.1, ,97.3,Y,64.7, ,76.9, ,87, ,34, ,61, ,62.2, ,3.1, ,75.2, ,71.8, 
152,Camarillo,Central Coast Valleys,9/8/2024,252,0.20, ,0.01, ,533, ,18.9, ,93.1,Y,60.9, ,75.1, ,96, ,36, ,64, ,62.0, ,3.0, ,71.0, ,71.9, 
152,Camarillo,Central Coast Valleys,9/9/2024,253,0.19, ,0.02, ,540, ,18.0, ,87.9, ,58.9, ,71.6, ,97, ,41, ,68, ,60.6, ,3.1, ,75.0, ,71.3, 
152,Camarillo,Central Coast Valleys,9/10/2024,254,0.18, ,0.01, ,548, ,16.0, ,79.3, ,54.5, ,65.6, ,98, ,48, ,74, ,57.2, ,3.1, ,73.7, ,69.1, 
152,Camarillo,Central Coast Valleys,9/11/2024,255,0.16, ,0.08, ,525, ,15.5, ,73.2, ,49.7, ,61.9, ,98, ,63, ,82, ,56.4, ,3.1, ,73.6, ,66.1, 
152,Camarillo,Central Coast Valleys,9/12/2024,256,0.16, ,0.10, ,527, ,16.4, ,74.6, ,52.9, ,63.9, ,97, ,64, ,81, ,57.9, ,3.3, ,79.6, ,65.4, 
152,Camarillo,Central Coast Valleys,9/13/2024,257,0.15, ,0.00, ,478, ,17.2, ,76.0, ,54.8, ,65.2, ,95, ,64, ,81, ,59.2, ,3.0, ,72.9, ,66.1, 
152,Camarillo,Central Coast Valleys,9/14/2024,258,0.08, ,0.07, ,286, ,17.9, ,73.1, ,61.9, ,65.6, ,95, ,67, ,83, ,60.3, ,3.0, ,70.8, ,66.1, 
152,Camarillo,Central Coast Valleys,9/15/2024,259,0.09, ,0.08, ,316, ,17.5, ,72.8, ,61.4, ,65.1, ,97, ,68, ,83, ,59.8, ,3.1, ,74.9, ,65.7, 
152,Camarillo,Central Coast Valleys,9/16/2024,260,0.16, ,0.09, ,513, ,14.6, ,71.6, ,55.3, ,64.1, ,92, ,53, ,72, ,54.8, ,4.6,Y,110.6,Y,64.9, 
152,Camarillo,Central Coast Valleys,9/17/2024,261,0.16, ,0.00, ,525, ,14.0, ,71.4, ,51.9, ,61.8, ,95, ,58, ,74, ,53.6, ,3.8, ,90.9, ,63.1,Y
152,Camarillo,Central Coast Valleys,9/18/2024,262,0.16, ,0.06, ,509, ,14.7, ,72.9, ,51.9, ,62.0, ,94, ,58, ,77, ,54.8, ,3.2, ,76.7, ,63.2,Y
152,Camarillo,Central Coast Valleys,9/19/2024,263,0.12, ,0.00, ,393, ,15.4, ,73.7, ,53.9, ,62.6, ,93, ,58, ,79, ,56.1, ,3.2, ,76.9, ,63.4,Y
152,Camarillo,Central Coast Valleys,9/20/2024,264,0.14, ,0.00, ,445, ,15.6, ,72.3, ,53.6, ,62.6, ,94, ,64, ,81, ,56.6, ,3.7, ,87.9, ,64.1, 
152,Camarillo,Central Coast Valleys,9/21/2024,265,0.13, ,0.00, ,423, ,16.0, ,72.3, ,53.0, ,62.8, ,95, ,68, ,82, ,57.3, ,3.0, ,72.6, ,64.6, 
152,Camarillo,Central Coast Valleys,9/22/2024,266,0.12, ,0.09, ,431, ,16.9, ,72.0, ,55.3, ,62.4, ,97, ,73, ,88, ,58.7, ,2.8, ,68.0, ,64.7, 
152,Camarillo,Central Coast Valleys,9/23/2024,267,0.13, ,0.04, ,432, ,17.8, ,75.7, ,57.1, ,63.8, ,99, ,66, ,88, ,60.2, ,3.1, ,74.1, ,64.8, 
152,Camarillo,Central Coast Valleys,9/24/2024,268,0.10, ,0.06, ,358, ,17.9, ,76.8, ,59.8, ,63.6, ,98, ,65, ,89, ,60.4, ,3.2, ,76.1, ,64.8, 
152,Camarillo,Central Coast Valleys,9/25/2024,269,0.09, ,0.00, ,332, ,16.5, ,72.3, ,53.3, ,62.3, ,97, ,67, ,86, ,58.1, ,2.8, ,68.0, ,64.3, 
152,Camarillo,Central Coast Valleys,9/26/2024,270,0.14, ,0.01,H,508,H,15.4,H,72.9, ,48.9, ,60.7,H,98,H,65,H,85, ,56.1, ,3.0,H,72.1,H,62.4,Y
152,Camarillo,Central Coast Valleys,9/27/2024,271,0.10, ,0.00, ,381, ,16.2, ,70.7, ,54.7, ,60.8, ,99, ,70, ,89, ,57.6, ,3.5, ,83.0, ,63.5, 
152,Camarillo,Central Coast Valleys,9/28/2024,272,0.12, ,0.04, ,448, ,15.9, ,71.7, ,53.9, ,61.1, ,99, ,68, ,86, ,57.0, ,3.2, ,76.5, ,63.7, 
152,Camarillo,Central Coast Valleys,9/29/2024,273,0.13, ,0.05, ,436, ,16.0, ,76.5, ,54.1, ,62.2, ,99, ,58, ,84, ,57.2, ,3.2, ,75.9, ,63.8, 
152,Camarillo,Central Coast Valleys,9/30/2024,274,0.14, ,0.06,H,486, ,16.7, ,76.3, ,52.2, ,63.9, ,100, ,62, ,82, ,58.4, ,2.9, ,70.1, ,64.1, 
152,Camarillo,Central Coast Valleys,10/1/2024,275,0.14, ,0.01, ,449, ,17.8, ,78.2, ,56.2, ,64.7, ,100, ,59, ,85, ,60.2, ,2.8, ,66.5, ,65.5, 
152,Camarillo,Central Coast Valleys,10/2/2024,276,0.15, ,0.01, ,464, ,18.1, ,82.9, ,53.9, ,67.2, ,99, ,52, ,80, ,60.7, ,2.5, ,61.0, ,66.0, 
152,Camarillo,Central Coast Valleys,10/3/2024,277,0.14, ,0.00, ,456, ,19.0, ,80.6, ,57.2, ,66.1, ,99, ,61, ,86, ,62.0, ,3.0, ,71.4, ,66.6, 
152,Camarillo,Central Coast Valleys,10/4/2024,278,0.12, ,0.06, ,392, ,20.0, ,77.3, ,62.8, ,67.8, ,98, ,69, ,86, ,63.5, ,3.2, ,77.3, ,67.7, 
152,Camarillo,Central Coast Valleys,10/5/2024,279,0.12, ,0.00, ,396, ,19.2, ,78.4, ,61.4, ,65.8, ,98, ,65, ,89, ,62.3, ,3.2, ,75.7, ,67.4, 
152,Camarillo,Central Coast Valleys,10/6/2024,280,0.11, ,0.03, ,377, ,18.8, ,80.0, ,59.2, ,65.2, ,99, ,62, ,88, ,61.7, ,2.8, ,67.0, ,66.7, 
152,Camarillo,Central Coast Valleys,10/7/2024,281,0.12, ,0.02, ,418, ,18.1, ,76.2, ,56.2, ,63.9, ,100, ,67, ,89, ,60.7, ,3.0, ,72.3, ,66.2, 
152,Camarillo,Central Coast Valleys,10/8/2024,282,0.10, ,0.00, ,362, ,17.4, ,78.2, ,55.3, ,63.1, ,100, ,62, ,88, ,59.6, ,2.8, ,66.7, ,65.2, 
152,Camarillo,Central Coast Valleys,10/9/2024,283,0.11, ,0.00, ,381, ,17.7, ,72.9, ,56.5, ,63.7, ,99, ,69, ,88, ,60.0, ,3.1, ,74.3, ,65.4, 
152,Camarillo,Central Coast Valleys,10/10/2024,284,0.11, ,0.00, ,388, ,17.3, ,74.5, ,55.6, ,63.7, ,97, ,69, ,86, ,59.3, ,3.0, ,71.6, ,65.9, 
152,Camarillo,Central Coast Valleys,10/11/2024,285,0.12, ,0.00, ,417, ,15.7, ,74.6, ,50.0, ,60.6, ,98, ,65, ,87, ,56.6, ,2.6, ,63.2, ,64.1, 
152,Camarillo,Central Coast Valleys,10/12/2024,286,0.13, ,0.01, ,435, ,15.2, ,74.1, ,48.7, ,60.9, ,98, ,65, ,83, ,55.7, ,2.9, ,70.3, ,63.1, 
152,Camarillo,Central Coast Valleys,10/13/2024,287,0.11, ,0.01, ,400, ,15.5, ,70.4, ,49.6, ,59.5, ,99, ,71, ,89, ,56.3, ,2.8, ,68.2, ,62.6, 
152,Camarillo,Central Coast Valleys,10/14/2024,288,0.11, ,0.00, ,374, ,16.1, ,70.9, ,55.1, ,62.0, ,98, ,68, ,85, ,57.4, ,3.0, ,72.1, ,63.7, 
152,Camarillo,Central Coast Valleys,10/15/2024,289,0.08, ,0.01, ,301, ,16.1, ,70.3, ,52.6, ,62.1, ,97, ,70, ,85, ,57.4, ,3.0, ,71.5, ,62.9, 
152,Camarillo,Central Coast Valleys,10/16/2024,290,0.01, ,0.00, ,73, ,16.9, ,65.6, ,61.2, ,62.9, ,91, ,79, ,86, ,58.8, ,2.3, ,55.4, ,62.5, 
152,Camarillo,Central Coast Valleys,10/17/2024,291,0.04, ,0.06, ,165, ,16.9, ,71.8, ,54.8, ,63.1, ,98, ,64, ,86, ,58.7, ,2.4, ,57.4, ,62.3, 
152,Camarillo,Central Coast Valleys,10/18/2024,292,0.16, ,0.06, ,421, ,8.8, ,79.7, ,48.1, ,63.1, ,97, ,16, ,45, ,41.3, ,4.5, ,108.7, ,59.9, 
152,Camarillo,Central Coast Valleys,10/19/2024,293,0.20, ,0.00, ,414, ,5.5, ,85.3, ,57.2, ,70.1, ,45, ,13, ,22, ,29.4, ,5.3, ,127.8, ,60.0, 
152,Camarillo,Central Coast Valleys,10/20/2024,294,0.15, ,0.04, ,408, ,8.2, ,79.7, ,47.3, ,63.3, ,60, ,22, ,41, ,39.3, ,3.3, ,78.1, ,59.7, 
152,Camarillo,Central Coast Valleys,10/21/2024,295,0.14, ,0.04, ,394, ,10.4, ,80.3, ,51.1, ,62.8, ,69, ,29, ,54, ,45.7, ,2.9, ,70.2, ,59.4, 
152,Camarillo,Central Coast Valleys,10/22/2024,296,0.13, ,0.00,H,401,H,11.4,H,80.6, ,47.5, ,63.1,H,79,H,35,H,58, ,48.1, ,3.0,H,70.9,H,59.7,H
152,Camarillo,Central Coast Valleys,10/23/2024,297,0.13, ,0.00, ,396, ,11.9, ,84.1, ,47.8, ,64.4, ,82, ,31, ,58, ,49.2, ,2.5, ,59.6, ,60.3, 
152,Camarillo,Central Coast Valleys,10/24/2024,298,0.11, ,0.00, ,389, ,12.9, ,77.0, ,47.2, ,59.9, ,90, ,44, ,73, ,51.3, ,2.1, ,51.4, ,60.4, 
152,Camarillo,Central Coast Valleys,10/25/2024,299,0.10, ,0.00, ,381, ,12.8, ,72.3, ,44.1, ,56.5, ,95, ,61, ,82, ,51.2, ,2.1, ,51.6, ,59.1, 
152,Camarillo,Central Coast Valleys,10/26/2024,300,0.11, ,0.06, ,379, ,13.2, ,77.6, ,45.3, ,59.2, ,96, ,46, ,77, ,51.9, ,2.1, ,50.4, ,58.8, 
152,Camarillo,Central Coast Valleys,10/27/2024,301,0.07, ,0.02, ,252, ,14.9, ,76.8, ,52.3, ,62.6, ,91, ,45, ,77, ,55.3, ,2.5, ,59.4, ,59.1, 
152,Camarillo,Central Coast Valleys,10/28/2024,302,0.11, ,0.04, ,358, ,14.7, ,71.4, ,52.2, ,62.0, ,98, ,54, ,77, ,54.8, ,3.9, ,94.2, ,60.0, 
152,Camarillo,Central Coast Valleys,10/29/2024,303,0.11, ,0.04, ,366, ,11.2, ,70.6, ,45.6, ,56.9, ,97, ,43, ,70, ,47.4, ,3.2, ,76.0, ,57.4, 
152,Camarillo,Central Coast Valleys,10/30/2024,304,0.10, ,0.00, ,347, ,10.8, ,73.1, ,46.7, ,57.2, ,89, ,38, ,67, ,46.5, ,3.6, ,86.3, ,56.1,Y
152,Camarillo,Central Coast Valleys,10/31/2024,305,0.10, ,0.00, ,361, ,11.4, ,67.9, ,43.9, ,55.9, ,93, ,46, ,75, ,48.0, ,3.2, ,77.0, ,56.3, 
152,Camarillo,Central Coast Valleys,11/1/2024,306,0.09, ,0.02, ,325, ,11.4, ,69.2, ,44.0, ,55.5, ,95, ,47, ,75, ,47.9, ,2.8, ,67.4, ,56.1, 
152,Camarillo,Central Coast Valleys,11/2/2024,307,0.04, ,0.01, ,175, ,13.0, ,64.6, ,46.7, ,55.7, ,97, ,69, ,86, ,51.6, ,2.9, ,69.7, ,55.3,Y
152,Camarillo,Central Coast Valleys,11/3/2024,308,0.10, ,0.05, ,354, ,10.7, ,73.6, ,44.6, ,57.1, ,98, ,34, ,67, ,46.4, ,3.1, ,74.8, ,55.4, 
152,Camarillo,Central Coast Valleys,11/4/2024,309,0.15, ,0.00, ,356, ,6.9, ,79.0, ,49.7, ,63.2, ,56, ,18, ,35, ,35.1, ,5.0, ,120.7, ,55.0, 
152,Camarillo,Central Coast Valleys,11/5/2024,310,0.10, ,0.00, ,311, ,9.4, ,71.0, ,45.3, ,57.4, ,78, ,34, ,58, ,42.8, ,2.7, ,64.4, ,54.5, 
152,Camarillo,Central Coast Valleys,11/6/2024,311,0.25, ,0.04, ,345, ,4.2, ,71.5, ,45.9, ,64.0, ,86, ,11, ,21, ,23.0, ,11.6,R,277.9,R,53.8,Y
152,Camarillo,Central Coast Valleys,11/7/2024,312,0.19, ,0.00, ,356, ,3.4,Y,74.0, ,48.4, ,63.3, ,42, ,11, ,17,Y,18.3,Y,7.0,R,167.5,R,54.8, 
152,Camarillo,Central Coast Valleys,11/8/2024,313,0.13, ,0.00, ,350, ,4.8, ,72.1, ,45.7, ,57.9, ,43, ,19, ,29, ,26.1, ,3.4, ,82.5, ,54.1, 
152,Camarillo,Central Coast Valleys,11/9/2024,314,0.11, ,0.00, ,343, ,6.5, ,74.6, ,40.0, ,55.9, ,62, ,22, ,42, ,33.4, ,3.0, ,73.1, ,53.7, 
152,Camarillo,Central Coast Valleys,11/10/2024,315,0.11, ,0.00, ,329, ,7.7, ,72.8, ,43.6, ,55.7, ,75, ,29, ,51, ,37.6, ,2.9, ,69.4, ,54.0, 
152,Camarillo,Central Coast Valleys,11/11/2024,316,0.08, ,0.00, ,309, ,10.8, ,67.1, ,39.7, ,54.7, ,94, ,43, ,74, ,46.6, ,3.2, ,76.2, ,53.6, 
152,Camarillo,Central Coast Valleys,11/12/2024,317,0.10, ,0.00, ,334, ,8.4, ,71.0, ,43.0, ,55.1, ,95, ,29, ,57, ,40.0, ,2.3, ,54.8, ,54.4, 
152,Camarillo,Central Coast Valleys,11/13/2024,318,0.11, ,0.00, ,336, ,6.8, ,77.0, ,42.2, ,57.3, ,70, ,17, ,43, ,34.8, ,2.4, ,57.1, ,53.8, 
152,Camarillo,Central Coast Valleys,11/14/2024,319,0.09, ,0.00, ,329, ,9.7, ,67.6, ,40.3, ,53.8, ,90, ,37, ,69, ,43.9, ,2.8, ,68.3, ,53.4, 
152,Camarillo,Central Coast Valleys,11/15/2024,320,0.09, ,0.00, ,322, ,9.7, ,63.0, ,42.9, ,52.1, ,96, ,53, ,73, ,43.7, ,3.6, ,87.3, ,53.4, 
152,Camarillo,Central Coast Valleys,11/16/2024,321,0.09, ,0.00, ,326, ,7.6, ,66.2, ,39.0, ,51.0, ,87, ,28, ,60, ,37.4, ,3.5, ,84.6, ,51.9,Y
152,Camarillo,Central Coast Valleys,11/17/2024,322,0.10, ,0.06, ,324, ,5.9, ,70.7, ,37.4, ,52.6, ,71, ,21, ,44, ,31.3, ,3.0, ,70.9, ,50.4,Y
152,Camarillo,Central Coast Valleys,11/18/2024,323,0.08, ,0.04, ,311, ,8.8, ,64.5, ,36.2, ,50.1, ,89, ,49, ,71, ,41.2, ,2.6, ,61.4, ,49.7,Y
152,Camarillo,Central Coast Valleys,11/19/2024,324,0.10, ,0.02, ,296, ,6.4, ,71.7, ,39.4, ,53.7, ,69, ,22, ,46, ,33.2, ,3.3, ,79.1, ,49.2,Y
152,Camarillo,Central Coast Valleys,11/20/2024,325,0.09, ,0.07, ,319, ,7.0, ,70.7, ,37.9, ,52.2, ,77, ,30, ,53, ,35.4, ,2.9, ,69.4, ,48.7,Y
152,Camarillo,Central Coast Valleys,11/21/2024,326,0.08, ,0.05, ,321, ,8.1, ,68.4, ,36.3, ,50.5, ,92, ,30, ,65, ,39.0, ,2.5, ,59.2, ,48.2,Y
152,Camarillo,Central Coast Valleys,11/22/2024,327,0.08, ,0.00, ,313, ,8.8, ,68.6, ,35.6, ,50.8, ,92, ,38, ,70, ,41.2, ,2.5, ,58.9, ,48.5,Y
152,Camarillo,Central Coast Valleys,11/23/2024,328,0.01, ,0.15, ,112, ,13.9, ,59.3, ,41.3, ,54.6, ,99, ,88, ,95, ,53.3, ,1.4, ,34.3, ,50.9, 
152,Camarillo,Central Coast Valleys,11/24/2024,329,0.05, ,0.01, ,233, ,13.3, ,62.5, ,46.3, ,54.6, ,100, ,71, ,91, ,52.1, ,2.4, ,57.8, ,54.0, 
152,Camarillo,Central Coast Valleys,11/25/2024,330,0.05, ,0.00, ,188, ,12.3, ,70.7, ,46.8, ,58.0, ,96, ,48, ,75, ,50.0, ,2.7, ,63.8, ,52.9, 
152,Camarillo,Central Coast Valleys,11/26/2024,331,0.01, ,0.15, ,85, ,16.0,Y,61.6, ,56.2, ,59.2, ,99, ,81, ,93,Y,57.2,Y,1.3, ,32.0, ,55.0, 
152,Camarillo,Central Coast Valleys,11/27/2024,332,0.05, ,0.01, ,221, ,16.1,Y,69.5, ,53.1, ,59.5, ,100, ,55, ,93,Y,57.4,Y,2.5, ,58.9, ,57.4, 
152,Camarillo,Central Coast Valleys,11/28/2024,333,0.16, ,0.00, ,309, ,4.6, ,71.7, ,60.0,Y,64.8, ,29, ,17, ,22, ,25.0, ,7.2,Y,173.3,Y,53.3, 
152,Camarillo,Central Coast Valleys,11/29/2024,334,0.12, ,0.00, ,134, ,3.9, ,70.0, ,58.7,Y,65.4, ,21, ,17, ,18, ,21.2, ,5.5, ,130.8, ,52.3, 
152,Camarillo,Central Coast Valleys,11/30/2024,335,0.11, ,0.00, ,234, ,5.3, ,80.3, ,51.8, ,65.0, ,55, ,11, ,25, ,28.6, ,3.7, ,89.7, ,53.9, 
152,Camarillo,Central Coast Valleys,12/1/2024,336,0.09, ,0.00, ,297, ,8.1, ,70.6, ,47.8, ,58.2, ,65, ,31, ,49, ,39.1, ,3.0, ,71.6, ,54.6, 
152,Camarillo,Central Coast Valleys,12/2/2024,337,0.08, ,0.00, ,286, ,8.6, ,69.2, ,39.5, ,52.8, ,90, ,38, ,63, ,40.6, ,2.9, ,68.4, ,52.4, 
152,Camarillo,Central Coast Valleys,12/3/2024,338,0.07, ,0.04, ,288, ,10.1, ,65.0, ,38.0, ,49.7, ,96, ,66, ,83, ,44.8, ,2.3, ,54.6, ,51.2, 
152,Camarillo,Central Coast Valleys,12/4/2024,339,0.06, ,0.00, ,256, ,10.3, ,62.4, ,38.1, ,48.1, ,98, ,70, ,90, ,45.3, ,2.4, ,57.7, ,50.1, 
152,Camarillo,Central Coast Valleys,12/5/2024,340,0.05, ,0.07, ,264, ,10.8, ,66.7, ,38.8, ,49.2, ,99, ,60, ,91, ,46.7, ,2.6, ,61.3, ,50.6, 
152,Camarillo,Central Coast Valleys,12/6/2024,341,0.11,R,0.00, ,293, ,7.3, ,85.0,Y,38.0, ,60.3, ,98, ,12, ,41, ,36.5, ,3.3, ,79.4, ,51.4, 
152,Camarillo,Central Coast Valleys,12/7/2024,342,0.10, ,0.00, ,296, ,7.6, ,84.1,Y,47.5, ,62.7, ,75, ,14, ,39, ,37.4, ,3.4, ,82.0, ,52.2, 
152,Camarillo,Central Coast Valleys,12/8/2024,343,0.06, ,0.00, ,245, ,10.1, ,67.3, ,40.8, ,53.3, ,98, ,45, ,73, ,44.7, ,2.5, ,59.6, ,52.0, 
152,Camarillo,Central Coast Valleys,12/9/2024,344,0.08, ,0.00, ,242, ,9.8, ,67.3, ,47.1, ,55.7, ,99, ,13, ,65, ,44.0, ,4.2, ,99.8, ,52.9, 
152,Camarillo,Central Coast Valleys,12/10/2024,345,0.19, ,0.00, ,300, ,2.3, ,71.9, ,55.1, ,64.8, ,13, ,9, ,11, ,8.7, ,9.6,R,229.7,R,52.9, 
152,Camarillo,Central Coast Valleys,12/11/2024,346,0.09, ,0.06, ,201, ,3.9, ,74.5, ,41.7, ,55.8, ,54, ,12, ,26, ,21.4, ,2.6, ,62.5, ,51.7, 
152,Camarillo,Central Coast Valleys,12/12/2024,347,0.04, ,0.00, ,161, ,7.9, ,61.4, ,36.5, ,48.9, ,90, ,33, ,67, ,38.6, ,3.0, ,72.8, ,49.7, 
152,Camarillo,Central Coast Valleys,12/13/2024,348,0.06, ,0.06, ,242, ,10.4, ,61.9, ,41.1, ,50.2, ,95, ,64, ,84, ,45.5, ,3.0, ,70.9, ,49.7, 
152,Camarillo,Central Coast Valleys,12/14/2024,349,0.04, ,0.00, ,182, ,11.1, ,63.0, ,42.9, ,52.7, ,95, ,56, ,82, ,47.3, ,2.9, ,69.4, ,49.8, 
152,Camarillo,Central Coast Valleys,12/15/2024,350,0.07, ,0.06, ,282, ,9.3, ,70.7, ,40.1, ,50.8, ,98, ,25, ,73, ,42.5, ,3.2, ,77.8, ,50.3, 
152,Camarillo,Central Coast Valleys,12/16/2024,351,0.07, ,0.00, ,267, ,8.4, ,67.6, ,40.7, ,51.8, ,84, ,39, ,64, ,40.0, ,3.0, ,71.6, ,49.7, 
152,Camarillo,Central Coast Valleys,12/17/2024,352,0.11, ,0.05, ,274, ,7.7, ,80.1, ,40.8, ,60.2, ,85, ,20, ,43, ,37.7, ,4.0, ,94.9, ,49.9, 
152,Camarillo,Central Coast Valleys,12/18/2024,353,0.17,R,0.00, ,279, ,5.8, ,83.8,Y,55.2, ,74.0,R,42,H,16,H,,R,,I,6.5, ,157.1, ,52.0, 
152,Camarillo,Central Coast Valleys,12/19/2024,354,0.08,R,0.03, ,257, ,9.3, ,76.2, ,45.8, ,60.3, ,82, ,34, ,52, ,42.5, ,2.3, ,55.0, ,52.6, 
152,Camarillo,Central Coast Valleys,12/20/2024,355,0.05, ,0.00, ,261, ,10.1, ,61.4, ,38.5, ,48.8, ,95, ,68, ,86, ,44.9, ,2.4, ,56.5, ,51.2, 
152,Camarillo,Central Coast Valleys,12/21/2024,356,0.06, ,0.02, ,265, ,11.3, ,64.8, ,42.7, ,52.8, ,96, ,64, ,83, ,47.8, ,3.0, ,73.0, ,50.8, 
152,Camarillo,Central Coast Valleys,12/22/2024,357,0.03, ,0.00, ,146, ,12.0, ,65.1, ,44.8, ,54.1, ,95, ,64, ,84, ,49.3, ,2.1, ,50.5, ,50.7, 
152,Camarillo,Central Coast Valleys,12/23/2024,358,0.04, ,0.07, ,223, ,13.1, ,63.6, ,44.8, ,53.5, ,99, ,79, ,93, ,51.7, ,2.4, ,58.0, ,51.2, 
152,Camarillo,Central Coast Valleys,12/24/2024,359,0.03, ,0.00, ,152, ,12.4, ,68.8, ,47.6, ,54.1, ,99, ,56, ,87, ,50.3, ,3.3, ,80.1, ,51.6, 
152,Camarillo,Central Coast Valleys,12/25/2024,360,0.05, ,0.06, ,211, ,9.1, ,63.4, ,39.6, ,51.1, ,93, ,49, ,71, ,42.0, ,2.6, ,62.8, ,50.6, 
152,Camarillo,Central Coast Valleys,12/26/2024,361,0.07, ,0.00, ,242, ,8.8, ,66.8, ,43.7, ,52.3, ,85, ,46, ,65, ,41.1, ,2.7, ,63.9, ,50.1, 
152,Camarillo,Central Coast Valleys,12/27/2024,362,0.00, ,0.07, ,56, ,13.1, ,60.7, ,45.3, ,53.5, ,97, ,85, ,93, ,51.7, ,1.8, ,43.2, ,50.2, 
152,Camarillo,Central Coast Valleys,12/28/2024,363,0.04, ,0.00, ,210, ,12.5, ,61.8, ,45.1, ,52.9, ,98, ,75, ,91, ,50.5, ,2.4, ,56.9, ,51.5, 
152,Camarillo,Central Coast Valleys,12/29/2024,364,0.05, ,0.07, ,229, ,11.9, ,63.5, ,42.4, ,52.0, ,99, ,71, ,90, ,49.2, ,3.1, ,73.8, ,51.2, 
152,Camarillo,Central Coast Valleys,12/30/2024,365,0.05, ,0.00, ,242, ,12.2, ,62.8, ,44.2, ,52.0, ,100, ,75, ,92, ,49.8, ,2.9, ,68.7, ,51.6, 
152,Camarillo,Central Coast Valleys,12/31/2024,366,0.05, ,0.04, ,234, ,10.7, ,62.8, ,37.7, ,48.5, ,99, ,68, ,92, ,46.3, ,2.8, ,67.2, ,50.5, 
152,Camarillo,Central Coast Valleys,1/1/2025,001,0.07, ,0.00, ,285, ,10.1, ,64.2, ,40.3, ,50.9, ,99, ,60, ,80, ,44.8, ,3.3, ,78.2, ,50.0, 
152,Camarillo,Central Coast Valleys,1/2/2025,002,0.09, ,0.00, ,290, ,8.5, ,81.1,Y,38.4, ,54.6, ,92, ,16, ,58, ,40.3, ,3.3, ,78.1, ,49.6, 
152,Camarillo,Central Coast Valleys,1/3/2025,003,0.06, ,0.00, ,248, ,10.2, ,65.7, ,39.2, ,50.1, ,95, ,60, ,83, ,45.1, ,2.7, ,65.0, ,49.4, 
152,Camarillo,Central Coast Valleys,1/4/2025,004,0.07, ,0.00, ,261, ,8.8, ,67.0, ,40.6, ,52.1, ,97, ,28, ,66, ,41.3, ,2.5, ,59.8, ,49.5, 
152,Camarillo,Central Coast Valleys,1/5/2025,005,0.11, ,0.00, ,283, ,6.3, ,78.7, ,47.1, ,60.0, ,58, ,16, ,35, ,32.6, ,3.4, ,81.4, ,49.7, 
152,Camarillo,Central Coast Valleys,1/6/2025,006,0.08, ,0.00, ,287, ,7.8, ,70.9, ,43.1, ,55.6, ,75, ,34, ,52, ,38.1, ,2.7, ,64.6, ,50.0, 
152,Camarillo,Central Coast Valleys,1/7/2025,007,0.17, ,0.00, ,288, ,6.0, ,72.1, ,43.1, ,61.8, ,77, ,15, ,32, ,31.6, ,9.3,R,223.2,R,50.2, 
152,Camarillo,Central Coast Valleys,1/8/2025,008,0.17, ,0.00, ,292, ,3.5, ,71.4, ,47.4, ,61.6, ,36, ,11, ,18, ,18.4, ,8.0,Y,192.7,Y,50.7, 
152,Camarillo,Central Coast Valleys,1/9/2025,009,0.16, ,0.00, ,307, ,3.2, ,75.7, ,40.2, ,61.4, ,38, ,10, ,17, ,16.6, ,6.4, ,152.6, ,49.5, 
152,Camarillo,Central Coast Valleys,1/10/2025,010,0.15, ,0.00, ,304, ,3.7, ,74.9, ,47.2, ,62.4, ,43, ,12, ,19, ,20.0, ,6.1, ,146.4, ,50.8, 
152,Camarillo,Central Coast Valleys,1/11/2025,011,0.10, ,0.00, ,301, ,5.9, ,74.5, ,36.9, ,53.7, ,66, ,17, ,42, ,31.1, ,3.8, ,91.2, ,49.8, 
152,Camarillo,Central Coast Valleys,1/12/2025,012,0.15, ,0.00, ,312, ,3.3, ,67.6, ,50.1, ,59.1, ,28, ,16, ,19, ,17.4, ,6.7, ,161.1, ,48.9, 
152,Camarillo,Central Coast Valleys,1/13/2025,013,0.17, ,0.00, ,310, ,3.1, ,64.1, ,52.2, ,57.6, ,24, ,15, ,19, ,15.8, ,9.1,Y,219.5,Y,48.6, 
152,Camarillo,Central Coast Valleys,1/14/2025,014,0.15, ,0.00, ,312, ,3.4, ,69.7, ,48.1, ,59.9, ,26, ,14, ,19, ,18.0, ,6.4, ,154.6, ,48.4, 
152,Camarillo,Central Coast Valleys,1/15/2025,015,0.17, ,0.00, ,316, ,3.5, ,73.6, ,47.5, ,63.4, ,29, ,13, ,18, ,18.7, ,7.3, ,175.0, ,48.9, 
152,Camarillo,Central Coast Valleys,1/16/2025,016,0.09, ,0.00, ,313, ,5.9, ,71.4, ,38.1, ,51.2, ,68, ,17, ,46, ,31.2, ,2.7, ,65.4, ,48.6, 
152,Camarillo,Central Coast Valleys,1/17/2025,017,0.07, ,0.00, ,303, ,8.7, ,61.3, ,39.0, ,48.8, ,91, ,56, ,74, ,41.0, ,3.7, ,88.3, ,47.9, 
152,Camarillo,Central Coast Valleys,1/18/2025,018,0.07, ,0.00, ,293, ,9.7, ,61.5, ,41.4, ,49.2, ,94, ,60, ,81, ,43.7, ,3.5, ,83.6, ,48.1, 
152,Camarillo,Central Coast Valleys,1/19/2025,019,0.05, ,0.00, ,246, ,9.8, ,58.1, ,37.3, ,48.5, ,96, ,69, ,84, ,44.0, ,2.9, ,70.7, ,47.7, 
152,Camarillo,Central Coast Valleys,1/20/2025,020,0.15, ,0.00, ,326, ,5.3, ,69.2, ,39.7, ,56.2, ,96, ,11, ,34, ,28.3, ,6.7, ,160.2, ,48.4, 
152,Camarillo,Central Coast Valleys,1/21/2025,021,0.18, ,0.00, ,337, ,1.9, ,70.8, ,52.9, ,61.6, ,15, ,7, ,10, ,4.4, ,7.9,Y,189.5,Y,48.3, 
152,Camarillo,Central Coast Valleys,1/22/2025,022,0.17, ,0.00, ,230, ,2.3, ,76.4, ,44.2, ,66.3, ,37, ,7, ,10, ,9.2, ,6.0, ,143.8, ,48.5, 
152,Camarillo,Central Coast Valleys,1/23/2025,023,0.23, ,0.00, ,337, ,1.8,Y,75.6, ,63.9,Y,69.5,Y,8, ,6, ,7,Y,3.3,Y,10.2,R,244.2,R,49.7, 
152,Camarillo,Central Coast Valleys,1/24/2025,024,0.11, ,0.00, ,333, ,3.3, ,73.2, ,41.1, ,58.5, ,41, ,7, ,19, ,17.0, ,2.7, ,65.4, ,50.0, 
152,Camarillo,Central Coast Valleys,1/25/2025,025,0.05, ,0.06, ,184, ,8.1, ,62.7, ,37.7, ,50.0, ,94, ,39, ,66, ,39.2, ,2.6, ,61.6, ,48.3, 
152,Camarillo,Central Coast Valleys,1/26/2025,026,0.03, ,0.18, ,141, ,10.0, ,56.5, ,43.1, ,48.6, ,96, ,67, ,86, ,44.5, ,3.2, ,76.7, ,48.4, 
152,Camarillo,Central Coast Valleys,1/27/2025,027,0.08, ,0.00, ,336, ,8.5, ,61.1, ,41.7, ,49.9, ,92, ,47, ,70, ,40.4, ,3.4, ,82.5, ,48.0, 
152,Camarillo,Central Coast Valleys,1/28/2025,028,0.08, ,0.00, ,332, ,8.8, ,59.8, ,37.5, ,49.0, ,88, ,52, ,75, ,41.3, ,3.5, ,85.1, ,47.5, 
152,Camarillo,Central Coast Valleys,1/29/2025,029,0.08, ,0.00, ,335, ,9.5, ,60.7, ,40.7, ,49.1, ,93, ,60, ,80, ,43.3, ,3.4, ,82.4, ,47.8, 
152,Camarillo,Central Coast Valleys,1/30/2025,030,0.03, ,0.00, ,151, ,9.7, ,57.3, ,41.3, ,48.7, ,95, ,66, ,82, ,43.6, ,3.1, ,73.6, ,47.7, 
152,Camarillo,Central Coast Valleys,1/31/2025,031,0.07, ,0.00, ,307, ,9.5, ,62.6, ,40.5, ,49.2, ,94, ,53, ,79, ,43.1, ,3.1, ,75.3, ,47.3,Y
152,Camarillo,Central Coast Valleys,2/1/2025,032,0.09, ,0.00, ,332, ,11.4, ,67.4, ,40.1, ,53.7, ,96, ,46, ,81, ,48.0, ,2.9, ,68.7, ,48.2, 
152,Camarillo,Central Coast Valleys,2/2/2025,033,0.07, ,0.00, ,315, ,13.5, ,66.0, ,46.7, ,54.3, ,99, ,74, ,94, ,52.5, ,3.1, ,75.5, ,50.5, 
152,Camarillo,Central Coast Valleys,2/3/2025,034,0.07, ,0.00, ,317, ,11.7, ,65.2, ,42.6, ,51.3, ,100, ,63, ,91, ,48.7, ,2.8, ,66.2, ,51.3, 
152,Camarillo,Central Coast Valleys,2/4/2025,035,0.08, ,0.11, ,299, ,11.2, ,65.6, ,39.8, ,53.6, ,97, ,51, ,80, ,47.4, ,3.0, ,72.1, ,50.5, 
152,Camarillo,Central Coast Valleys,2/5/2025,036,0.02, ,0.29, ,131, ,15.3,Y,63.4, ,53.4, ,57.5, ,98, ,81, ,95,Y,56.1,Y,3.2, ,77.1, ,52.0, 
152,Camarillo,Central Coast Valleys,2/6/2025,037,0.02, ,1.11, ,124, ,15.3, ,61.2, ,53.7, ,57.3, ,99, ,79, ,95, ,56.0, ,2.3, ,55.8, ,53.3, 
152,Camarillo,Central Coast Valleys,2/7/2025,038,0.05, ,0.10, ,230, ,13.8, ,62.4, ,47.0, ,56.5, ,99, ,71, ,89, ,53.1, ,3.8, ,91.2, ,54.0, 
152,Camarillo,Central Coast Valleys,2/8/2025,039,0.10, ,0.00, ,366, ,9.7, ,66.8, ,42.6, ,53.2, ,97, ,40, ,70, ,43.8, ,3.7, ,88.4, ,52.0, 
152,Camarillo,Central Coast Valleys,2/9/2025,040,0.10, ,0.00, ,346, ,8.2, ,70.6, ,38.9, ,52.7, ,88, ,24, ,61, ,39.5, ,2.7, ,65.6, ,50.5, 
152,Camarillo,Central Coast Valleys,2/10/2025,041,0.09, ,0.00, ,372, ,9.7, ,61.6, ,39.5, ,50.0, ,92, ,63, ,79, ,43.8, ,3.2, ,77.5, ,49.6, 
152,Camarillo,Central Coast Valleys,2/11/2025,042,0.09, ,0.00, ,361, ,9.7, ,60.0, ,42.5, ,50.6, ,95, ,46, ,77, ,43.9, ,3.5, ,84.9, ,49.6, 
152,Camarillo,Central Coast Valleys,2/12/2025,043,0.02, ,0.09, ,123, ,11.9, ,55.2, ,47.5, ,52.0, ,97, ,83, ,90, ,49.1, ,3.6, ,85.3, ,50.0, 
152,Camarillo,Central Coast Valleys,2/13/2025,044,0.00, ,1.36, ,32, ,14.5, ,59.6, ,53.1, ,55.9, ,99, ,90, ,95, ,54.6, ,4.6, ,109.4, ,50.9, 
152,Camarillo,Central Coast Valleys,2/14/2025,045,0.09, ,0.02, ,334, ,12.4, ,61.9, ,44.6, ,55.5, ,96, ,65, ,83, ,50.3, ,4.6, ,109.9, ,51.9, 
152,Camarillo,Central Coast Valleys,2/15/2025,046,0.12, ,0.00, ,391, ,8.8, ,71.9, ,40.7, ,53.7, ,93, ,29, ,62, ,41.2, ,3.8, ,91.8, ,50.4, 
152,Camarillo,Central Coast Valleys,2/16/2025,047,0.11, ,0.00, ,352, ,8.9, ,69.0, ,44.5, ,54.6, ,87, ,39, ,61, ,41.5, ,3.3, ,78.8, ,50.1, 
152,Camarillo,Central Coast Valleys,2/17/2025,048,0.10, ,0.00, ,379, ,10.5, ,65.9, ,41.6, ,52.6, ,97, ,56, ,78, ,45.9, ,3.2, ,75.8, ,50.0, 
152,Camarillo,Central Coast Valleys,2/18/2025,049,0.10, ,0.00, ,393, ,10.9, ,65.3, ,41.9, ,53.1, ,96, ,58, ,79, ,46.9, ,3.5, ,82.9, ,50.2, 
152,Camarillo,Central Coast Valleys,2/19/2025,050,0.11, ,0.00, ,398, ,10.5, ,70.3, ,42.6, ,55.2, ,92, ,48, ,70, ,45.8, ,3.2, ,76.3, ,50.6, 
152,Camarillo,Central Coast Valleys,2/20/2025,051,0.16, ,0.00, ,426, ,8.4, ,78.0, ,41.4, ,58.6, ,92, ,19, ,50, ,40.0, ,4.3, ,103.3, ,50.6, 
152,Camarillo,Central Coast Valleys,2/21/2025,052,0.17, ,0.00, ,409, ,8.0, ,77.6, ,46.7, ,63.7, ,83, ,17, ,40, ,38.7, ,5.1, ,121.9, ,51.5, 
152,Camarillo,Central Coast Valleys,2/22/2025,053,0.12, ,0.00, ,413, ,9.2, ,69.1, ,39.7, ,55.6, ,80, ,40, ,61, ,42.3, ,3.0, ,71.2, ,51.5, 
152,Camarillo,Central Coast Valleys,2/23/2025,054,0.13, ,0.00, ,439, ,9.5, ,74.5, ,41.4, ,58.1, ,79, ,39, ,57, ,43.1, ,3.5, ,85.1, ,51.8, 
152,Camarillo,Central Coast Valleys,2/24/2025,055,0.12, ,0.00, ,434, ,11.2, ,75.3, ,43.5, ,57.0, ,89, ,38, ,70, ,47.4, ,2.6, ,62.1, ,52.6, 
152,Camarillo,Central Coast Valleys,2/25/2025,056,0.13, ,0.00, ,449, ,11.6, ,75.6, ,42.7, ,57.6, ,95, ,38, ,71, ,48.4, ,2.7, ,65.0, ,53.0, 
152,Camarillo,Central Coast Valleys,2/26/2025,057,0.13, ,0.00, ,456, ,11.3, ,77.4, ,42.0, ,57.0, ,91, ,44, ,71, ,47.8, ,2.8, ,66.0, ,52.9, 
152,Camarillo,Central Coast Valleys,2/27/2025,058,0.19,R,0.00, ,403, ,6.3, ,85.4,Y,45.6, ,67.3,Y,80,H,10,H,27,Y,32.6,Y,4.9, ,116.5, ,53.1, 
152,Camarillo,Central Coast Valleys,2/28/2025,059,0.11, ,0.00, ,390, ,11.8, ,67.9, ,49.2, ,56.9, ,96, ,45, ,75, ,48.9, ,3.8, ,91.5, ,53.5, 
152,Camarillo,Central Coast Valleys,3/1/2025,060,0.11, ,0.00, ,428, ,12.8, ,66.4, ,49.7, ,56.8, ,95, ,63, ,81, ,51.2, ,3.2, ,76.7, ,54.6, 
152,Camarillo,Central Coast Valleys,3/2/2025,061,0.12, ,0.00, ,424, ,10.9, ,61.9, ,50.6, ,55.3, ,92, ,57, ,73, ,46.8, ,5.1, ,121.5, ,54.4, 
152,Camarillo,Central Coast Valleys,3/3/2025,062,0.13, ,0.00, ,464, ,9.3, ,63.6, ,42.6, ,53.7, ,87, ,45, ,66, ,42.5, ,4.5, ,107.1, ,53.0, 
152,Camarillo,Central Coast Valleys,3/4/2025,063,0.12, ,0.00, ,455, ,10.4, ,65.7, ,42.2, ,52.8, ,92, ,53, ,76, ,45.5, ,3.3, ,79.8, ,52.7, 
152,Camarillo,Central Coast Valleys,3/5/2025,064,0.01, ,0.30, ,96, ,11.8, ,55.2, ,44.0, ,50.4, ,98, ,91, ,95, ,49.0, ,2.6, ,62.9, ,52.3, 
152,Camarillo,Central Coast Valleys,3/6/2025,065,0.07, ,0.00, ,283, ,9.1, ,56.5, ,39.7, ,49.1, ,95, ,58, ,76, ,42.0, ,4.4, ,106.4, ,51.1, 
152,Camarillo,Central Coast Valleys,3/7/2025,066,0.12, ,0.00, ,448, ,9.0, ,64.0, ,38.0, ,50.1, ,94, ,45, ,73, ,41.9, ,3.7, ,89.4, ,49.7,Y
152,Camarillo,Central Coast Valleys,3/8/2025,067,0.14, ,0.00, ,501, ,8.8, ,65.0, ,39.4, ,52.3, ,90, ,37, ,66, ,41.3, ,3.9, ,94.1, ,50.2, 
152,Camarillo,Central Coast Valleys,3/9/2025,068,0.14, ,0.00, ,501, ,9.2, ,69.7, ,38.0, ,52.9, ,90, ,41, ,67, ,42.4, ,3.3, ,78.1, ,50.9, 
152,Camarillo,Central Coast Valleys,3/10/2025,069,0.15, ,0.00, ,472, ,8.1, ,69.5, ,38.8, ,54.5, ,90, ,31, ,56, ,39.0, ,3.8, ,90.6, ,51.5, 
152,Camarillo,Central Coast Valleys,3/11/2025,070,0.06, ,0.07, ,194, ,9.7, ,62.5, ,47.5, ,55.1, ,90, ,43, ,65, ,43.6, ,4.1, ,98.8, ,51.8, 
152,Camarillo,Central Coast Valleys,3/12/2025,071,0.08, ,0.23, ,292, ,12.3, ,61.7, ,48.7, ,56.5, ,90, ,66, ,79, ,50.0, ,4.6, ,110.3, ,52.0, 
152,Camarillo,Central Coast Valleys,3/13/2025,072,0.13, ,0.67, ,460, ,9.7, ,57.3, ,44.6, ,51.9, ,96, ,57, ,73, ,43.6, ,6.1,Y,145.9,Y,52.3, 
152,Camarillo,Central Coast Valleys,3/14/2025,073,0.02, ,0.19, ,130, ,9.9, ,51.1,Y,38.8, ,46.8, ,94, ,85, ,91, ,44.2, ,3.0, ,72.6, ,49.9,Y
152,Camarillo,Central Coast Valleys,3/15/2025,074,0.13, ,0.00, ,501, ,10.0, ,63.7, ,43.3, ,52.6, ,96, ,46, ,74, ,44.4, ,3.7, ,89.1, ,50.4,Y
152,Camarillo,Central Coast Valleys,3/16/2025,075,0.12, ,0.00, ,446, ,10.6, ,64.3, ,40.8, ,53.2, ,95, ,58, ,77, ,46.2, ,3.6, ,86.1, ,51.1,Y
152,Camarillo,Central Coast Valleys,3/17/2025,076,0.08, ,0.02, ,321, ,11.1, ,63.0, ,44.0, ,53.1, ,97, ,61, ,80, ,47.2, ,4.5, ,107.7, ,51.7, 
152,Camarillo,Central Coast Valleys,3/18/2025,077,0.14, ,0.00, ,527, ,9.3, ,65.9, ,39.4, ,53.4, ,94, ,45, ,67, ,42.5, ,3.5, ,84.3, ,51.5,Y
152,Camarillo,Central Coast Valleys,3/19/2025,078,0.18, ,0.00, ,530, ,7.8, ,76.0, ,40.1, ,57.8, ,78, ,27, ,48, ,38.3, ,4.1, ,98.3, ,51.9, 
152,Camarillo,Central Coast Valleys,3/20/2025,079,0.15, ,0.00, ,527, ,9.7, ,68.2, ,39.6, ,54.7, ,87, ,46, ,66, ,43.7, ,2.9, ,70.2, ,52.3, 
152,Camarillo,Central Coast Valleys,3/21/2025,080,0.16, ,0.00, ,514, ,10.1, ,71.9, ,42.4, ,57.1, ,92, ,35, ,63, ,44.7, ,3.1, ,74.1, ,53.1, 
152,Camarillo,Central Coast Valleys,3/22/2025,081,0.14, ,0.00, ,484, ,11.5, ,69.9, ,44.6, ,56.6, ,91, ,53, ,74, ,48.3, ,2.9, ,69.6, ,53.9, 
152,Camarillo,Central Coast Valleys,3/23/2025,082,0.15, ,0.00, ,521, ,13.0, ,68.7, ,45.8, ,57.9, ,95, ,63, ,79, ,51.6, ,3.1, ,74.4, ,55.1, 
152,Camarillo,Central Coast Valleys,3/24/2025,083,0.15, ,0.00, ,534, ,14.0, ,76.2, ,47.9, ,60.5, ,96, ,60, ,78, ,53.5, ,2.8, ,67.6, ,56.3, 
152,Camarillo,Central Coast Valleys,3/25/2025,084,0.12, ,0.00, ,477, ,14.3, ,69.6, ,52.2, ,56.7, ,99, ,71, ,91, ,54.1, ,3.3, ,78.1, ,57.2, 
152,Camarillo,Central Coast Valleys,3/26/2025,085,0.03, ,0.01, ,152, ,13.6, ,61.4, ,53.9, ,56.8, ,96, ,71, ,86, ,52.7, ,2.7, ,65.7, ,57.0, 
152,Camarillo,Central Coast Valleys,3/27/2025,086,0.06, ,0.00, ,255, ,13.8, ,64.3, ,52.9, ,57.4, ,95, ,72, ,86, ,53.1, ,3.5, ,83.9, ,56.7, 
152,Camarillo,Central Coast Valleys,3/28/2025,087,0.15, ,0.00, ,520, ,12.6, ,67.3, ,47.5, ,57.5, ,94, ,56, ,78, ,50.7, ,3.5, ,84.3, ,56.8, 
152,Camarillo,Central Coast Valleys,3/29/2025,088,0.15, ,0.00, ,521, ,11.4, ,64.3, ,43.4, ,54.7, ,98, ,60, ,78, ,48.1, ,3.3, ,79.7, ,56.4, 
152,Camarillo,Central Coast Valleys,3/30/2025,089,0.06, ,0.06, ,262, ,12.6, ,60.4, ,50.5, ,55.1, ,96, ,70, ,85, ,50.7, ,2.9, ,70.4, ,56.4, 
152,Camarillo,Central Coast Valleys,3/31/2025,090,0.12, ,0.00, ,420, ,14.3, ,68.4, ,53.2, ,59.3, ,96, ,68, ,83, ,54.1, ,4.3, ,103.4, ,57.3, 
152,Camarillo,Central Coast Valleys,4/1/2025,091,0.16, ,0.00, ,526, ,10.0, ,64.0, ,44.4, ,55.3, ,95, ,45, ,67, ,44.7, ,5.6,Y,134.7,Y,56.6, 
152,Camarillo,Central Coast Valleys,4/2/2025,092,0.16, ,0.00, ,578, ,9.3, ,64.3, ,39.0, ,52.6, ,96, ,45, ,68, ,42.5, ,4.5, ,107.2, ,55.4, 
152,Camarillo,Central Coast Valleys,4/3/2025,093,0.16, ,0.00, ,570, ,9.5, ,63.7, ,41.2, ,52.3, ,92, ,54, ,71, ,43.1, ,3.7, ,88.6, ,55.2,Y
152,Camarillo,Central Coast Valleys,4/4/2025,094,0.18, ,0.00, ,561, ,9.1, ,71.5, ,42.9, ,57.1, ,89, ,31, ,57, ,42.1, ,4.2, ,100.2, ,55.5,Y
152,Camarillo,Central Coast Valleys,4/5/2025,095,0.22, ,0.00, ,593, ,7.0, ,80.2, ,45.9, ,62.7, ,79, ,16, ,36, ,35.5, ,4.8, ,114.0, ,56.4, 
152,Camarillo,Central Coast Valleys,4/6/2025,096,0.19, ,0.00, ,596, ,9.4, ,76.7, ,45.5, ,59.5, ,92, ,30, ,54, ,42.9, ,3.5, ,83.9, ,57.1, 
152,Camarillo,Central Coast Valleys,4/7/2025,097,0.17, ,0.00, ,580, ,11.3, ,70.4, ,43.0, ,57.4, ,93, ,48, ,70, ,47.8, ,3.1, ,75.4, ,57.4, 
152,Camarillo,Central Coast Valleys,4/8/2025,098,0.17, ,0.00, ,585, ,12.6, ,72.1, ,43.6, ,58.4, ,96, ,55, ,75, ,50.7, ,2.9, ,69.4, ,57.9, 
152,Camarillo,Central Coast Valleys,4/9/2025,099,0.19, ,0.00, ,592, ,13.2, ,76.0, ,47.0, ,61.9, ,95, ,50, ,70, ,52.0, ,3.2, ,77.2, ,58.8, 
152,Camarillo,Central Coast Valleys,4/10/2025,100,0.17, ,0.00, ,548, ,13.7, ,77.1, ,46.7, ,61.6, ,97, ,50, ,73, ,53.0, ,2.8, ,68.2, ,59.4, 
152,Camarillo,Central Coast Valleys,4/11/2025,101,0.19, ,0.00, ,600, ,14.3, ,78.5, ,50.6, ,62.9, ,92, ,51, ,73, ,54.0, ,3.3, ,79.1, ,60.0, 
152,Camarillo,Central Coast Valleys,4/12/2025,102,0.15, ,0.00, ,545, ,13.8, ,68.7, ,49.5, ,57.9, ,98, ,67, ,84, ,53.2, ,3.2, ,76.1, ,60.4, 
152,Camarillo,Central Coast Valleys,4/13/2025,103,0.13, ,0.00, ,497, ,13.3, ,66.4, ,48.5, ,56.6, ,96, ,71, ,85, ,52.2, ,3.0, ,71.8, ,59.8, 
152,Camarillo,Central Coast Valleys,4/14/2025,104,0.10, ,0.00, ,374, ,12.9, ,64.2, ,46.1, ,55.3, ,97, ,73, ,87, ,51.4, ,3.1, ,75.2, ,59.9, 
152,Camarillo,Central Coast Valleys,4/15/2025,105,0.12, ,0.00, ,425, ,11.7, ,63.7, ,48.7, ,55.6, ,94, ,58, ,77, ,48.6, ,3.1, ,74.9, ,58.9, 
152,Camarillo,Central Coast Valleys,4/16/2025,106,0.11, ,0.00, ,380, ,11.5, ,65.3, ,48.3, ,57.0, ,91, ,52, ,73, ,48.3, ,3.6, ,87.2, ,58.6, 
152,Camarillo,Central Coast Valleys,4/17/2025,107,0.06, ,0.00, ,235, ,12.3, ,62.5, ,54.6, ,58.0, ,84, ,62, ,75, ,50.0, ,3.9, ,94.6, ,58.9, 
152,Camarillo,Central Coast Valleys,4/18/2025,108,0.06, ,0.00, ,256, ,12.0, ,61.7, ,47.5, ,55.6, ,92, ,68, ,79, ,49.3, ,3.4, ,80.7, ,58.1, 
152,Camarillo,Central Coast Valleys,4/19/2025,109,0.18, ,0.00, ,634, ,11.7, ,69.6, ,45.0, ,56.4, ,94, ,53, ,75, ,48.8, ,3.9, ,94.8, ,58.0, 
152,Camarillo,Central Coast Valleys,4/20/2025,110,0.18, ,0.00, ,620, ,11.9, ,68.7, ,44.6, ,56.8, ,94, ,57, ,76, ,49.2, ,3.3, ,78.6, ,58.8, 
152,Camarillo,Central Coast Valleys,4/21/2025,111,0.17, ,0.00, ,625, ,12.8, ,66.9, ,44.0, ,56.5, ,95, ,67, ,82, ,51.1, ,3.7, ,88.3, ,59.2, 
152,Camarillo,Central Coast Valleys,4/22/2025,112,0.15, ,0.00, ,545, ,13.1, ,64.6, ,53.1, ,57.8, ,94, ,67, ,80, ,51.8, ,3.6, ,85.8, ,60.3, 
152,Camarillo,Central Coast Valleys,4/23/2025,113,0.07, ,0.00, ,269, ,12.9,H,63.2, ,53.6, ,57.3, ,95,H,70,H,81, ,51.4, ,3.4, ,81.3, ,59.7, 
152,Camarillo,Central Coast Valleys,4/24/2025,114,0.16, ,0.00, ,542, ,12.6, ,66.3, ,53.1, ,58.2, ,93, ,62, ,76, ,50.7, ,3.9, ,92.4, ,59.5, 
152,Camarillo,Central Coast Valleys,4/25/2025,115,0.15, ,0.00, ,518, ,11.2, ,64.7, ,52.4, ,57.6, ,83, ,50, ,69, ,47.6, ,4.3, ,102.9, ,60.1, 
152,Camarillo,Central Coast Valleys,4/26/2025,116,0.12, ,0.21, ,424, ,10.8, ,62.0, ,46.1, ,53.5, ,94, ,58, ,77, ,46.5, ,3.9, ,93.8, ,58.8, 
152,Camarillo,Central Coast Valleys,4/27/2025,117,0.12, ,0.00, ,441, ,11.4, ,63.1, ,44.5, ,54.5, ,94, ,65, ,79, ,48.1, ,3.8, ,90.5, ,56.9,Y
152,Camarillo,Central Coast Valleys,4/28/2025,118,0.18, ,0.00, ,644, ,12.1, ,66.5, ,45.2, ,56.3, ,97, ,61, ,79, ,49.7, ,3.4, ,82.4, ,57.8,Y
152,Camarillo,Central Coast Valleys,4/29/2025,119,0.18, ,0.00, ,655, ,13.3, ,68.2, ,45.9, ,57.5, ,96, ,66, ,82, ,52.1, ,3.9, ,93.0, ,58.9,Y
152,Camarillo,Central Coast Valleys,4/30/2025,120,0.11, ,0.00, ,404, ,14.4, ,66.7, ,54.1, ,58.6, ,95, ,75, ,85, ,54.3, ,3.2, ,76.3, ,60.1, 
152,Camarillo,Central Coast Valleys,5/1/2025,121,0.04, ,0.00, ,194, ,14.5, ,64.6, ,54.3, ,58.3, ,98, ,75, ,87, ,54.4, ,3.1, ,73.3, ,59.7, 
152,Camarillo,Central Coast Valleys,5/2/2025,122,0.08, ,0.00, ,333, ,14.1, ,65.4, ,53.9, ,58.0, ,96, ,72, ,86, ,53.8, ,3.1, ,74.2, ,58.9,Y
152,Camarillo,Central Coast Valleys,5/3/2025,123,0.02, ,0.00, ,124, ,14.2, ,61.8, ,55.9, ,58.1, ,92, ,80, ,86, ,53.9, ,2.9, ,69.9, ,58.8,Y
152,Camarillo,Central Coast Valleys,5/4/2025,124,0.14, ,0.00, ,488, ,12.7, ,66.2, ,52.6, ,58.4, ,93, ,62, ,76, ,50.9, ,3.9, ,92.5, ,58.8,Y
152,Camarillo,Central Coast Valleys,5/5/2025,125,0.13, ,0.00, ,444, ,14.0, ,68.5, ,51.2, ,59.9, ,96, ,67, ,80, ,53.6, ,3.4, ,81.8, ,59.7,Y
152,Camarillo,Central Coast Valleys,5/6/2025,126,0.05, ,0.00, ,220, ,14.6, ,63.2, ,56.4, ,59.5, ,95, ,77, ,84, ,54.6, ,2.9, ,70.8, ,60.0,Y
152,Camarillo,Central Coast Valleys,5/7/2025,127,0.14, ,0.00, ,501, ,14.3, ,67.1, ,51.5, ,59.3, ,96, ,69, ,83, ,54.2, ,3.1, ,73.6, ,60.1,Y
152,Camarillo,Central Coast Valleys,5/8/2025,128,0.20, ,0.00, ,678, ,14.6, ,74.8, ,48.0, ,60.9, ,98, ,59, ,80, ,54.7, ,3.0, ,72.6, ,60.7, 
152,Camarillo,Central Coast Valleys,5/9/2025,129,0.23, ,0.00, ,682, ,15.1, ,86.0,Y,51.2, ,67.4, ,95, ,42, ,66, ,55.7, ,3.3, ,79.0, ,62.5, 
152,Camarillo,Central Coast Valleys,5/10/2025,130,0.23,R,0.00, ,678, ,16.5, ,89.2,Y,54.1, ,69.8,Y,96, ,38, ,66,Y,58.1,Y,3.0, ,72.4, ,64.9, 
152,Camarillo,Central Coast Valleys,5/11/2025,131,0.22, ,0.00, ,688, ,15.4, ,78.9, ,53.1, ,65.5, ,97, ,49, ,72, ,56.2, ,3.6, ,86.7, ,65.4, 
152,Camarillo,Central Coast Valleys,5/12/2025,132,0.20, ,0.00, ,664, ,13.5, ,69.7, ,49.5, ,60.2, ,97, ,56, ,76, ,52.5, ,4.8, ,115.1, ,64.5, 
152,Camarillo,Central Coast Valleys,5/13/2025,133,0.20, ,0.00, ,690, ,12.5, ,68.6, ,49.0, ,58.6, ,94, ,53, ,74, ,50.4, ,4.1, ,98.0, ,63.6, 
152,Camarillo,Central Coast Valleys,5/14/2025,134,0.21, ,0.05,H,693, ,12.7, ,69.5, ,48.7, ,59.2, ,92, ,55, ,74, ,50.9, ,4.3, ,103.1, ,63.1, 
152,Camarillo,Central Coast Valleys,5/15/2025,135,0.20, ,0.03, ,691, ,13.3, ,70.1, ,46.5, ,58.8, ,96, ,62, ,79, ,52.2, ,3.3, ,78.7, ,63.2, 
152,Camarillo,Central Coast Valleys,5/16/2025,136,0.18, ,0.04, ,602, ,14.0, ,68.7, ,47.5, ,58.8, ,97, ,69, ,82, ,53.5, ,3.5, ,83.4, ,63.5, 
152,Camarillo,Central Coast Valleys,5/17/2025,137,0.05, ,0.00, ,215, ,14.1, ,64.6, ,51.5, ,59.0, ,92, ,71, ,82, ,53.7, ,3.1, ,75.2, ,63.2, 
152,Camarillo,Central Coast Valleys,5/18/2025,138,0.21, ,0.02, ,683, ,13.3, ,70.2, ,48.5, ,59.4, ,97, ,62, ,77, ,52.1, ,3.6, ,87.5, ,62.5, 
152,Camarillo,Central Coast Valleys,5/19/2025,139,0.22, ,0.07, ,698, ,13.9, ,76.9, ,48.4, ,63.6, ,96, ,49, ,69, ,53.4, ,3.4, ,81.0, ,63.6, 
152,Camarillo,Central Coast Valleys,5/20/2025,140,0.23, ,0.07, ,702, ,14.6, ,78.5, ,51.1, ,65.9, ,95, ,46, ,67, ,54.7, ,3.2, ,76.3, ,64.8, 
152,Camarillo,Central Coast Valleys,5/21/2025,141,0.23, ,0.07,H,706, ,15.0, ,80.0, ,50.2, ,66.2, ,96, ,50, ,68, ,55.3, ,3.2, ,77.3, ,65.2, 
152,Camarillo,Central Coast Valleys,5/22/2025,142,0.21, ,0.03, ,698, ,15.8, ,74.6, ,50.3, ,63.2, ,96, ,65, ,80, ,56.9, ,3.3, ,79.3, ,64.7, 
152,Camarillo,Central Coast Valleys,5/23/2025,143,0.20, ,0.00, ,641, ,15.5, ,71.4, ,55.8, ,62.8, ,93, ,62, ,79, ,56.3, ,3.5, ,85.0, ,65.6, 
152,Camarillo,Central Coast Valleys,5/24/2025,144,0.18, ,0.05, ,605, ,14.2, ,70.1, ,50.6, ,60.5, ,97, ,64, ,79, ,53.9, ,3.6, ,87.5, ,65.3, 
152,Camarillo,Central Coast Valleys,5/25/2025,145,0.19, ,0.04, ,642, ,14.2, ,69.7, ,51.5, ,60.5, ,96, ,66, ,79, ,54.0, ,3.7, ,88.0, ,64.7, 
152,Camarillo,Central Coast Valleys,5/26/2025,146,0.19, ,0.04, ,630, ,14.4, ,70.2, ,49.2, ,60.0, ,96, ,69, ,82, ,54.3, ,3.2, ,77.6, ,64.5, 
152,Camarillo,Central Coast Valleys,5/27/2025,147,0.20, ,0.06, ,652, ,15.1, ,72.6, ,50.9, ,61.4, ,96, ,64, ,81, ,55.6, ,3.6, ,86.0, ,64.8, 
152,Camarillo,Central Coast Valleys,5/28/2025,148,0.07, ,0.00, ,292, ,15.2, ,68.2, ,54.4, ,60.0, ,96, ,72, ,86, ,55.8, ,3.0, ,72.6, ,64.2, 
152,Camarillo,Central Coast Valleys,5/29/2025,149,0.17, ,0.00, ,580, ,15.9, ,70.4, ,56.4, ,62.9, ,93, ,70, ,81, ,57.0, ,3.2, ,76.6, ,64.1, 
152,Camarillo,Central Coast Valleys,5/30/2025,150,0.23,R,0.04, ,682, ,17.1, ,85.0,R,53.9, ,67.6,Y,95, ,51, ,74,Y,59.1,Y,3.3, ,80.3, ,65.2, 
152,Camarillo,Central Coast Valleys,5/31/2025,151,0.19, ,0.00, ,612, ,17.7, ,75.2, ,57.7, ,64.4, ,97, ,70, ,86, ,60.1, ,3.3, ,80.3, ,66.8, 
152,Camarillo,Central Coast Valleys,6/1/2025,152,0.21, ,0.00, ,666, ,17.2, ,76.9, ,59.2, ,65.8, ,97, ,56, ,79, ,59.3, ,3.8, ,91.3, ,67.6, 
152,Camarillo,Central Coast Valleys,6/2/2025,153,0.21, ,0.02, ,682, ,16.3, ,70.9, ,54.5, ,63.0, ,96, ,72, ,83, ,57.8, ,3.4, ,82.1, ,67.5, 
152,Camarillo,Central Coast Valleys,6/3/2025,154,0.04, ,0.00, ,217, ,16.3, ,67.5, ,59.0, ,61.4, ,96, ,77, ,88, ,57.8, ,3.1, ,74.8, ,65.6, 
152,Camarillo,Central Coast Valleys,6/4/2025,155,0.07, ,0.01, ,283, ,16.7, ,67.6, ,59.0, ,62.3, ,96, ,78, ,87, ,58.4, ,3.0, ,71.6, ,64.2, 
152,Camarillo,Central Coast Valleys,6/5/2025,156,0.10, ,0.00, ,369, ,16.5, ,68.1, ,59.2, ,62.8, ,95, ,74, ,85, ,58.1, ,3.6, ,87.6, ,64.1, 
152,Camarillo,Central Coast Valleys,6/6/2025,157,0.09, ,0.00, ,347, ,15.8, ,67.9, ,56.4, ,62.2, ,89, ,74, ,83, ,56.9, ,3.3, ,80.1, ,64.0, 
152,Camarillo,Central Coast Valleys,6/7/2025,158,0.15, ,0.00, ,512, ,15.6, ,69.7, ,55.1, ,61.7, ,94, ,69, ,83, ,56.5, ,3.2, ,76.9, ,64.0, 
152,Camarillo,Central Coast Valleys,6/8/2025,159,0.14, ,0.00, ,484, ,16.0, ,71.4, ,55.2, ,61.5, ,95, ,71, ,86, ,57.2, ,3.1, ,74.9, ,64.6, 
152,Camarillo,Central Coast Valleys,6/9/2025,160,0.15, ,0.00, ,524, ,16.4, ,71.4, ,55.1, ,62.3, ,96, ,70, ,86, ,58.0, ,3.2, ,77.0, ,64.6, 
152,Camarillo,Central Coast Valleys,6/10/2025,161,0.16, ,0.00, ,556, ,17.1, ,72.9, ,58.5, ,63.3, ,97, ,72, ,86, ,59.1, ,3.4, ,81.0, ,65.2, 
152,Camarillo,Central Coast Valleys,6/11/2025,162,0.16, ,0.00, ,559, ,16.6, ,71.9, ,56.0, ,62.8, ,97, ,69, ,85, ,58.2, ,3.4, ,80.8, ,65.7, 
152,Camarillo,Central Coast Valleys,6/12/2025,163,0.18, ,0.00, ,615, ,16.1, ,72.4, ,53.5, ,62.2, ,94, ,71, ,84, ,57.4, ,3.0, ,71.5, ,65.7, 
152,Camarillo,Central Coast Valleys,6/13/2025,164,0.15, ,0.00, ,520, ,16.7, ,71.3, ,55.8, ,62.7, ,96, ,74, ,86, ,58.4, ,3.3, ,78.7, ,66.2, 
152,Camarillo,Central Coast Valleys,6/14/2025,165,0.19, ,0.00, ,636, ,17.2, ,73.8, ,58.0, ,64.4, ,96, ,70, ,83, ,59.3, ,3.2, ,77.8, ,67.5, 
152,Camarillo,Central Coast Valleys,6/15/2025,166,0.23, ,0.00, ,714, ,16.1, ,80.5, ,53.6, ,67.4, ,95, ,48, ,70, ,57.4, ,3.2, ,77.4, ,68.5, 
152,Camarillo,Central Coast Valleys,6/16/2025,167,0.23, ,0.00, ,710, ,15.2, ,78.9, ,53.3, ,66.2, ,90, ,49, ,69, ,55.7, ,3.4, ,81.1, ,69.1, 
152,Camarillo,Central Coast Valleys,6/17/2025,168,0.24, ,0.02, ,718, ,15.0, ,78.9, ,52.4, ,66.5, ,96, ,45, ,67, ,55.4, ,3.3, ,78.2, ,68.7, 
152,Camarillo,Central Coast Valleys,6/18/2025,169,0.24, ,0.01, ,712, ,15.3, ,80.2, ,52.4, ,66.9, ,92, ,50, ,68, ,56.0, ,3.5, ,83.3, ,68.2, 
152,Camarillo,Central Coast Valleys,6/19/2025,170,0.22, ,0.01, ,691, ,16.4, ,74.1, ,54.8, ,64.6, ,93, ,68, ,79, ,58.0, ,3.5, ,83.3, ,68.0, 
152,Camarillo,Central Coast Valleys,6/20/2025,171,0.19, ,0.00, ,626, ,15.1, ,72.6, ,52.9, ,62.3, ,93, ,62, ,78, ,55.5, ,3.1, ,74.9, ,67.8, 
152,Camarillo,Central Coast Valleys,6/21/2025,172,0.21, ,0.00, ,668, ,14.8, ,72.3, ,55.0, ,63.7, ,90, ,57, ,73, ,55.0, ,3.7, ,89.0, ,67.6, 
152,Camarillo,Central Coast Valleys,6/22/2025,173,0.22, ,0.01, ,710, ,14.4, ,75.2, ,49.5, ,63.6, ,93, ,56, ,72, ,54.4, ,3.5, ,83.9, ,66.3,Y
152,Camarillo,Central Coast Valleys,6/23/2025,174,0.22, ,0.00, ,684, ,15.7, ,73.0, ,53.7, ,63.5, ,92, ,63, ,79, ,56.7, ,4.2, ,99.6, ,66.2,Y
152,Camarillo,Central Coast Valleys,6/24/2025,175,0.17, ,0.01, ,563, ,16.1, ,70.6, ,57.1, ,63.2, ,93, ,69, ,81, ,57.4, ,4.0, ,95.1, ,66.5,Y
152,Camarillo,Central Coast Valleys,6/25/2025,176,0.21, ,0.00, ,673, ,16.6, ,73.1, ,56.8, ,64.1, ,92, ,68, ,82, ,58.3, ,3.6, ,85.5, ,66.8,Y
152,Camarillo,Central Coast Valleys,6/26/2025,177,0.20, ,0.01, ,650, ,17.5, ,73.2, ,59.0, ,64.4, ,96, ,70, ,85, ,59.7, ,3.5, ,83.3, ,67.5,Y
152,Camarillo,Central Coast Valleys,6/27/2025,178,0.21, ,0.01, ,683, ,18.1, ,73.9, ,60.6, ,66.2, ,95, ,69, ,82, ,60.6, ,3.7, ,88.1, ,68.0, 
152,Camarillo,Central Coast Valleys,6/28/2025,179,0.22, ,0.00, ,700, ,17.9, ,74.8, ,59.0, ,66.8, ,94, ,63, ,80, ,60.4, ,3.6, ,85.5, ,69.1, 
152,Camarillo,Central Coast Valleys,6/29/2025,180,0.22, ,0.00, ,711, ,16.8, ,75.2, ,57.4, ,65.9, ,96, ,58, ,77, ,58.6, ,4.0, ,96.0, ,69.4, 
152,Camarillo,Central Coast Valleys,6/30/2025,181,0.21, ,0.00, ,699, ,16.5, ,74.5, ,55.2, ,64.1, ,96, ,62, ,81, ,58.1, ,3.4, ,80.9, ,68.7, 
152,Camarillo,Central Coast Valleys,7/1/2025,182,0.21, ,0.00, ,709, ,16.8, ,74.2, ,58.5, ,64.5, ,95, ,62, ,81, ,58.5, ,3.8, ,90.0, ,68.7, 
152,Camarillo,Central Coast Valleys,7/2/2025,183,0.20, ,0.02, ,654, ,16.9, ,71.7, ,58.7, ,64.5, ,94, ,67, ,81, ,58.7, ,3.6, ,85.6, ,68.8, 
152,Camarillo,Central Coast Valleys,7/3/2025,184,0.21, ,0.00, ,661, ,17.6, ,74.3, ,59.0, ,66.0, ,92, ,65, ,81, ,59.8, ,3.7, ,87.9, ,68.8, 
152,Camarillo,Central Coast Valleys,7/4/2025,185,0.20, ,0.00, ,634, ,17.9, ,74.5, ,58.0, ,66.3, ,90, ,67, ,81, ,60.3, ,3.3, ,78.0, ,69.2, 
152,Camarillo,Central Coast Valleys,7/5/2025,186,0.22, ,0.00, ,700, ,16.7, ,76.4, ,52.6, ,65.0, ,95, ,64, ,79, ,58.3, ,3.4, ,80.6, ,68.6,Y
152,Camarillo,Central Coast Valleys,7/6/2025,187,0.21, ,0.00, ,689, ,16.4, ,75.4, ,54.0, ,64.3, ,96, ,60, ,80, ,58.0, ,3.5, ,84.3, ,68.5,Y
152,Camarillo,Central Coast Valleys,7/7/2025,188,0.20, ,0.00, ,665, ,16.4, ,74.3, ,57.0, ,64.3, ,94, ,63, ,80, ,57.9, ,3.4, ,81.8, ,68.8,Y
152,Camarillo,Central Coast Valleys,7/8/2025,189,0.22, ,0.00, ,695, ,16.5, ,76.8, ,57.5, ,65.4, ,96, ,57, ,77, ,58.1, ,3.5, ,84.9, ,68.8,Y
152,Camarillo,Central Coast Valleys,7/9/2025,190,0.22, ,0.02, ,684, ,16.6, ,77.8, ,54.2, ,66.2, ,95, ,55, ,75, ,58.2, ,3.3, ,79.4, ,68.4,Y
152,Camarillo,Central Coast Valleys,7/10/2025,191,0.23, ,0.02, ,704, ,16.6, ,80.0, ,53.3, ,66.6, ,95, ,56, ,75, ,58.3, ,3.6, ,85.5, ,68.3,Y
152,Camarillo,Central Coast Valleys,7/11/2025,192,0.21, ,0.00, ,672, ,17.9, ,74.3, ,57.8, ,65.0, ,97, ,71, ,85, ,60.3, ,3.6, ,86.9, ,68.6,Y
152,Camarillo,Central Coast Valleys,7/12/2025,193,0.18, ,0.00, ,577, ,18.5, ,75.2, ,60.3, ,65.8, ,97, ,70, ,85, ,61.3, ,3.8, ,91.9, ,69.2,Y
152,Camarillo,Central Coast Valleys,7/13/2025,194,0.16, ,0.00, ,545, ,17.7, ,71.8, ,59.8, ,64.1, ,98, ,70, ,87, ,60.0, ,4.0, ,96.4, ,69.1,Y
152,Camarillo,Central Coast Valleys,7/14/2025,195,0.19, ,0.00, ,635, ,17.8, ,72.9, ,59.5, ,64.9, ,96, ,73, ,85, ,60.2, ,3.6, ,87.1, ,68.9,Y
152,Camarillo,Central Coast Valleys,7/15/2025,196,0.20, ,0.00, ,657, ,18.3, ,72.4, ,60.7, ,65.7, ,96, ,74, ,85, ,61.0, ,3.8, ,90.3, ,69.5,Y
152,Camarillo,Central Coast Valleys,7/16/2025,197,0.21, ,0.00, ,687, ,17.5, ,73.9, ,60.8, ,66.5, ,94, ,66, ,79, ,59.8, ,3.6, ,86.0, ,69.8,Y
152,Camarillo,Central Coast Valleys,7/17/2025,198,0.21, ,0.00, ,669, ,17.7, ,75.3, ,59.7, ,66.7, ,91, ,66, ,79, ,60.1, ,3.9, ,93.2, ,69.6,Y
152,Camarillo,Central Coast Valleys,7/18/2025,199,0.21, ,0.00, ,657, ,17.9, ,76.5, ,59.1, ,67.0, ,92, ,63, ,79, ,60.3, ,3.8, ,91.9, ,69.7,Y
152,Camarillo,Central Coast Valleys,7/19/2025,200,0.21, ,0.01, ,651, ,18.1, ,75.8, ,60.8, ,66.4, ,96, ,68, ,82, ,60.7, ,3.7, ,88.0, ,69.8,Y
152,Camarillo,Central Coast Valleys,7/20/2025,201,0.18, ,0.00, ,573, ,18.3, ,74.9, ,61.2, ,66.3, ,94, ,68, ,83, ,61.0, ,3.5, ,84.3, ,69.6,Y
152,Camarillo,Central Coast Valleys,7/21/2025,202,0.10, ,0.00, ,364, ,18.2, ,74.1, ,59.3, ,65.2, ,96, ,70, ,86, ,60.8, ,3.1, ,74.4, ,68.7,Y
152,Camarillo,Central Coast Valleys,7/22/2025,203,0.17, ,0.00, ,534, ,17.4, ,74.9, ,58.1, ,65.3, ,95, ,64, ,82, ,59.6, ,3.7, ,87.9, ,68.0,Y
152,Camarillo,Central Coast Valleys,7/23/2025,204,0.17, ,0.00, ,571, ,16.6, ,73.7, ,55.6, ,63.5, ,96, ,64, ,83, ,58.3, ,3.2, ,76.9, ,67.8,Y
152,Camarillo,Central Coast Valleys,7/24/2025,205,0.20, ,0.00, ,657, ,16.0, ,75.3, ,53.0, ,63.2, ,97, ,61, ,81, ,57.3, ,3.3, ,80.1, ,67.4,R
152,Camarillo,Central Coast Valleys,7/25/2025,206,0.21, ,0.00, ,682, ,16.6, ,73.5, ,55.8, ,64.4, ,95, ,65, ,80, ,58.2, ,4.0, ,95.5, ,67.8,Y
152,Camarillo,Central Coast Valleys,7/26/2025,207,0.20, ,0.00, ,616, ,16.2, ,74.1, ,57.2, ,65.1, ,90, ,61, ,77, ,57.6, ,3.9, ,94.0, ,68.4,Y
152,Camarillo,Central Coast Valleys,7/27/2025,208,0.21, ,0.00, ,677, ,16.8, ,74.0, ,55.3, ,64.4, ,97, ,64, ,81, ,58.5, ,3.7, ,89.0, ,68.1,Y
152,Camarillo,Central Coast Valleys,7/28/2025,209,0.20, ,0.00, ,659, ,17.0, ,73.4, ,56.4, ,63.9, ,97, ,70, ,84, ,58.9, ,3.3, ,79.9, ,68.3,Y
152,Camarillo,Central Coast Valleys,7/29/2025,210,0.21, ,0.00, ,667, ,16.8, ,77.4, ,52.6, ,64.2, ,96, ,65, ,82, ,58.6, ,3.3, ,79.0, ,67.7,Y
152,Camarillo,Central Coast Valleys,7/30/2025,211,0.21, ,0.02, ,659, ,17.2, ,76.9, ,54.8, ,65.8, ,97, ,59, ,79, ,59.2, ,3.4, ,81.0, ,67.9,Y
152,Camarillo,Central Coast Valleys,7/31/2025,212,0.21, ,0.01, ,679, ,16.7, ,77.6, ,53.5, ,65.5, ,97, ,57, ,78, ,58.3, ,3.3, ,80.1, ,67.8,Y
152,Camarillo,Central Coast Valleys,8/1/2025,213,0.21, ,0.00, ,664, ,17.3, ,74.9, ,56.3, ,64.7, ,97, ,69, ,83, ,59.4, ,3.4, ,80.5, ,68.3,Y
152,Camarillo,Central Coast Valleys,8/2/2025,214,0.17, ,0.02, ,544, ,16.9, ,73.9, ,56.7, ,63.4, ,98, ,69, ,85, ,58.7, ,3.1, ,73.4, ,67.9,Y
152,Camarillo,Central Coast Valleys,8/3/2025,215,0.20, ,0.00, ,634, ,16.8, ,75.3, ,55.8, ,64.3, ,98, ,66, ,82, ,58.6, ,3.1, ,73.8, ,67.6,Y
152,Camarillo,Central Coast Valleys,8/4/2025,216,0.19, ,0.01, ,588, ,16.7, ,76.3, ,53.6, ,65.5, ,97, ,58, ,78, ,58.3, ,3.0, ,72.6, ,67.3,Y
152,Camarillo,Central Coast Valleys,8/5/2025,217,0.21, ,0.01, ,644, ,17.2, ,78.5, ,54.0, ,66.9, ,97, ,55, ,76, ,59.2, ,3.0, ,72.3, ,67.4,Y
152,Camarillo,Central Coast Valleys,8/6/2025,218,0.21, ,0.01, ,605, ,16.8, ,82.2, ,54.6, ,67.5, ,95, ,52, ,73, ,58.5, ,3.0, ,71.7, ,67.5,Y
152,Camarillo,Central Coast Valleys,8/7/2025,219,0.22, ,0.02, ,658, ,17.5, ,85.2, ,56.1, ,68.6, ,98, ,50, ,73, ,59.7, ,3.2, ,77.6, ,67.9,Y
152,Camarillo,Central Coast Valleys,8/8/2025,220,0.21, ,0.02, ,643, ,17.1, ,79.2, ,54.8, ,66.1, ,97, ,55, ,78, ,59.1, ,3.3, ,78.9, ,67.9,Y
152,Camarillo,Central Coast Valleys,8/9/2025,221,0.19, ,0.00, ,599, ,17.4, ,74.8, ,58.5, ,64.6, ,98, ,64, ,84, ,59.5, ,3.3, ,78.2, ,68.2,Y
152,Camarillo,Central Coast Valleys,8/10/2025,222,0.19, ,0.02, ,605, ,17.9, ,76.7, ,58.7, ,65.3, ,98, ,65, ,84, ,60.3, ,3.3, ,79.0, ,68.3,Y
152,Camarillo,Central Coast Valleys,8/11/2025,223,0.20,R,0.01, ,613, ,17.3, ,77.0, ,55.8, ,66.1, ,97, ,62, ,79, ,59.4, ,3.2, ,76.3, ,67.9,Y
152,Camarillo,Central Coast Valleys,8/12/2025,224,0.20, ,0.00,R,7, ,16.9, ,70.0, ,60.3, ,63.7, ,97, ,69, ,84, ,58.7, ,2.4, ,58.0, ,69.9,H
152,Camarillo,Central Coast Valleys,8/13/2025,225,0.18, ,0.00, ,567, ,18.1, ,74.2, ,58.5, ,65.3, ,96, ,71, ,85, ,60.6, ,3.4, ,80.7, ,68.1,Y
152,Camarillo,Central Coast Valleys,8/14/2025,226,0.18, ,0.00,R,275, ,17.3, ,71.8, ,60.1, ,64.8, ,97, ,71, ,83, ,59.4, ,3.2, ,76.9, ,69.0,H
152,Camarillo,Central Coast Valleys,8/15/2025,227,0.15, ,0.00, ,466, ,18.5, ,75.3, ,59.6, ,66.6, ,93, ,71, ,83, ,61.2, ,3.2, ,76.6, ,67.7,Y
152,Camarillo,Central Coast Valleys,8/16/2025,228,0.13, ,0.01, ,424, ,18.8, ,75.4, ,60.3, ,66.8, ,97, ,69, ,84, ,61.8, ,2.8, ,67.9, ,67.9,Y
152,Camarillo,Central Coast Valleys,8/17/2025,229,0.18, ,0.00, ,561, ,18.5, ,76.7, ,56.4, ,66.0, ,97, ,69, ,85, ,61.2, ,3.1, ,73.3, ,67.4,Y
152,Camarillo,Central Coast Valleys,8/18/2025,230,0.20, ,0.00, ,595, ,19.5, ,79.3, ,57.3, ,68.1, ,97, ,66, ,83, ,62.7, ,3.3, ,78.0, ,67.7,Y
152,Camarillo,Central Coast Valleys,8/19/2025,231,0.21, ,0.00, ,617, ,18.2, ,80.3, ,56.4, ,68.4, ,97, ,60, ,77, ,60.8, ,3.2, ,77.3, ,67.8,Y
152,Camarillo,Central Coast Valleys,8/20/2025,232,0.22, ,0.01, ,611, ,18.3, ,85.3, ,55.1, ,71.2, ,95, ,51, ,70, ,61.0, ,3.0, ,72.8, ,67.8,Y
152,Camarillo,Central Coast Valleys,8/21/2025,233,0.22, ,0.00, ,576, ,18.7, ,88.0,Y,57.9, ,74.2,Y,93, ,44, ,65,Y,61.6,Y,3.1, ,74.2, ,68.7, 
152,Camarillo,Central Coast Valleys,8/22/2025,234,0.22, ,0.00, ,578, ,19.4, ,88.3,Y,61.8, ,74.5,Y,93, ,42, ,67,Y,62.7,Y,3.3, ,78.5, ,69.6, 
152,Camarillo,Central Coast Valleys,8/23/2025,235,0.17, ,0.00, ,483, ,19.9, ,88.3,Y,62.3, ,72.4, ,91, ,47, ,73, ,63.4, ,2.7, ,65.1, ,69.8, 
152,Camarillo,Central Coast Valleys,8/24/2025,236,0.20, ,0.00, ,572, ,19.4, ,82.8, ,61.4, ,71.8, ,93, ,57, ,73, ,62.6, ,2.9, ,68.5, ,69.9, 
152,Camarillo,Central Coast Valleys,8/25/2025,237,0.20, ,0.02, ,580, ,19.1, ,81.2, ,60.1, ,69.9, ,95, ,58, ,77, ,62.2, ,3.3, ,78.5, ,69.7, 
152,Camarillo,Central Coast Valleys,8/26/2025,238,0.17, ,0.01, ,522, ,19.3, ,78.6, ,58.7, ,68.1, ,95, ,67, ,82, ,62.5, ,3.0, ,72.1, ,69.2, 
152,Camarillo,Central Coast Valleys,8/27/2025,239,0.19, ,0.02, ,561, ,18.1, ,81.8, ,58.0, ,68.6, ,98, ,55, ,76, ,60.7, ,3.1, ,75.2, ,68.7, 
152,Camarillo,Central Coast Valleys,8/28/2025,240,0.15, ,0.00, ,428, ,17.4, ,84.2, ,59.0, ,70.4, ,91, ,44, ,69, ,59.5, ,3.2, ,77.0, ,68.2, 
152,Camarillo,Central Coast Valleys,8/29/2025,241,0.21, ,0.00, ,569, ,15.8, ,86.1, ,56.8, ,71.3, ,86, ,39, ,60, ,56.8, ,3.2, ,77.1, ,67.9, 
152,Camarillo,Central Coast Valleys,8/30/2025,242,0.21, ,0.00, ,572, ,16.2, ,86.9, ,57.7, ,72.3, ,84, ,31, ,60, ,57.5, ,2.9, ,69.6, ,68.3, 
152,Camarillo,Central Coast Valleys,8/31/2025,243,0.20, ,0.00, ,567, ,18.7, ,85.1, ,59.6, ,72.1, ,88, ,49, ,69, ,61.5, ,2.8, ,67.6, ,69.2, 
152,Camarillo,Central Coast Valleys,9/1/2025,244,0.19, ,0.00, ,570, ,20.2, ,84.4, ,58.9, ,71.5, ,96, ,60, ,76, ,63.7, ,3.1, ,73.9, ,69.4, 
152,Camarillo,Central Coast Valleys,9/2/2025,245,0.16, ,0.00, ,466, ,21.3, ,83.0, ,65.1, ,72.0, ,94, ,59, ,80, ,65.4, ,3.3, ,78.3, ,70.2, 
152,Camarillo,Central Coast Valleys,9/3/2025,246,0.19, ,0.03, ,547, ,20.2, ,83.4, ,61.4, ,71.5, ,97, ,53, ,77, ,63.8, ,3.1, ,74.4, ,69.8, 
152,Camarillo,Central Coast Valleys,9/4/2025,247,0.18, ,0.01, ,556, ,19.9, ,81.7, ,59.0, ,69.4, ,98, ,61, ,81, ,63.4, ,3.1, ,74.4, ,69.3, 
152,Camarillo,Central Coast Valleys,9/5/2025,248,0.17, ,0.01, ,520, ,19.3, ,79.2, ,58.9, ,67.6, ,98, ,62, ,84, ,62.5, ,3.3, ,78.1, ,68.6, 
152,Camarillo,Central Coast Valleys,9/6/2025,249,0.17, ,0.00, ,527, ,18.6, ,79.0, ,57.7, ,67.1, ,98, ,61, ,82, ,61.5, ,3.2, ,76.3, ,68.1, 
152,Camarillo,Central Coast Valleys,9/7/2025,250,0.19, ,0.01, ,559, ,16.5, ,83.4, ,53.9, ,68.2, ,97, ,45, ,70, ,58.1, ,3.1, ,73.8, ,67.0, 
152,Camarillo,Central Coast Valleys,9/8/2025,251,0.18, ,0.00, ,560, ,17.2, ,80.9, ,51.7, ,67.0, ,95, ,54, ,76, ,59.3, ,3.3, ,78.7, ,66.3, 
152,Camarillo,Central Coast Valleys,9/9/2025,252,0.17, ,0.00, ,535, ,19.0, ,77.9, ,58.7, ,67.9, ,97, ,62, ,82, ,62.0, ,4.0,Y,95.4,Y,66.7, 
152,Camarillo,Central Coast Valleys,9/10/2025,253,0.16, ,0.00, ,493, ,18.7, ,77.0, ,60.9, ,68.4, ,96, ,60, ,79, ,61.6, ,3.7, ,88.8, ,67.1, 
152,Camarillo,Central Coast Valleys,9/11/2025,254,0.17, ,0.00, ,522, ,18.3, ,76.0, ,57.8, ,67.3, ,96, ,63, ,80, ,60.9, ,3.5, ,83.0, ,66.9, 
152,Camarillo,Central Coast Valleys,9/12/2025,255,0.17, ,0.00, ,515, ,18.0, ,77.3, ,56.6, ,66.9, ,94, ,64, ,80, ,60.5, ,3.3, ,78.8, ,66.5, 
152,Camarillo,Central Coast Valleys,9/13/2025,256,0.15, ,0.01, ,490, ,18.3, ,76.7, ,56.8, ,66.1, ,97, ,69, ,84, ,61.0, ,3.1, ,74.4, ,66.4, 
152,Camarillo,Central Coast Valleys,9/14/2025,257,0.14, ,0.00, ,441, ,19.3, ,77.8, ,59.8, ,67.2, ,96, ,68, ,85, ,62.4, ,3.0, ,72.6, ,66.5, 
152,Camarillo,Central Coast Valleys,9/15/2025,258,0.14, ,0.00, ,453, ,20.0, ,77.8, ,59.5, ,67.7, ,97, ,71, ,86, ,63.5, ,3.2, ,76.9, ,66.7, 
152,Camarillo,Central Coast Valleys,9/16/2025,259,0.17, ,0.01, ,493, ,19.8, ,84.8, ,59.6, ,70.5, ,99, ,48, ,78, ,63.2, ,3.4, ,81.4, ,67.5, 
152,Camarillo,Central Coast Valleys,9/17/2025,260,0.14, ,0.00, ,419, ,19.9, ,84.7, ,63.8, ,71.5, ,96, ,54, ,75, ,63.3, ,3.2, ,77.2, ,68.1, 
152,Camarillo,Central Coast Valleys,9/18/2025,261,0.04, ,0.35, ,180, ,21.8, ,75.8, ,65.3,Y,69.1, ,97, ,79, ,90, ,66.0, ,2.9, ,69.2, ,67.7, 
152,Camarillo,Central Coast Valleys,9/19/2025,262,0.09, ,0.00, ,311, ,21.8, ,78.4, ,64.1, ,70.7, ,95, ,71, ,85, ,66.0, ,2.9, ,69.0, ,67.9, 
152,Camarillo,Central Coast Valleys,9/20/2025,263,0.12, ,0.00, ,404, ,20.7, ,77.9, ,61.1, ,67.7, ,98, ,73, ,90, ,64.5, ,3.4, ,81.6, ,67.6, 
152,Camarillo,Central Coast Valleys,9/21/2025,264,0.12, ,0.00, ,406, ,19.4, ,78.6, ,57.6, ,66.2, ,99, ,68, ,88, ,62.7, ,3.0, ,72.7, ,66.7, 
152,Camarillo,Central Coast Valleys,9/22/2025,265,0.15, ,0.00, ,478, ,19.6, ,76.3, ,58.2, ,66.9, ,99, ,70, ,87, ,62.9, ,3.2, ,77.8, ,66.4, 
152,Camarillo,Central Coast Valleys,9/23/2025,266,0.11, ,0.00, ,504, ,21.5, ,79.9, ,65.2,Y,72.4, ,99, ,65, ,79, ,65.6, ,3.7, ,87.8, ,67.6, 
152,Camarillo,Central Coast Valleys,9/24/2025,267,0.14, ,0.00, ,426, ,21.3, ,82.8, ,62.7, ,70.6, ,95, ,59, ,83, ,65.3, ,3.4, ,81.7, ,67.9, 
152,Camarillo,Central Coast Valleys,9/25/2025,268,0.07, ,0.00, ,269, ,20.2, ,74.5, ,60.7, ,66.8, ,98, ,75, ,90, ,63.8, ,3.2, ,76.3, ,67.0, 
152,Camarillo,Central Coast Valleys,9/26/2025,269,0.08, ,0.00, ,285, ,20.5, ,76.7, ,65.6,Y,69.2, ,92, ,70, ,84, ,64.2, ,3.0, ,71.8, ,67.1, 
152,Camarillo,Central Coast Valleys,9/27/2025,270,0.04, ,0.00, ,170, ,19.8, ,75.7, ,61.8, ,68.5, ,96, ,64, ,83, ,63.1, ,2.4, ,58.6, ,67.2, 
152,Camarillo,Central Coast Valleys,9/28/2025,271,0.08, ,0.00, ,267, ,18.4, ,75.2, ,59.0, ,67.5, ,94, ,66, ,80, ,61.1, ,2.6, ,62.4, ,66.4, 
152,Camarillo,Central Coast Valleys,9/29/2025,272,0.15, ,0.01, ,456, ,17.5, ,76.5, ,57.5, ,66.9, ,96, ,61, ,78, ,59.7, ,3.7, ,88.8, ,65.8, 
152,Camarillo,Central Coast Valleys,9/30/2025,273,0.14, ,0.00, ,441, ,17.8, ,76.0, ,59.6, ,68.0, ,93, ,55, ,76, ,60.2, ,3.3, ,78.9, ,65.7, 
152,Camarillo,Central Coast Valleys,10/1/2025,274,0.14, ,0.00, ,460, ,18.1, ,76.3, ,58.6, ,66.9, ,95, ,64, ,80, ,60.6, ,3.3, ,80.4, ,66.1, 
152,Camarillo,Central Coast Valleys,10/2/2025,275,0.14, ,0.00, ,445, ,18.5, ,76.1, ,55.5, ,66.6, ,97, ,64, ,83, ,61.3, ,3.5, ,84.1, ,65.4, 
152,Camarillo,Central Coast Valleys,10/3/2025,276,0.15, ,0.00, ,465, ,17.4, ,75.3, ,56.4, ,67.3, ,95, ,57, ,76, ,59.6, ,3.6, ,87.5, ,66.4, 
152,Camarillo,Central Coast Valleys,10/4/2025,277,0.15, ,0.00, ,467, ,13.9, ,76.2, ,52.2, ,63.4, ,89, ,44, ,70, ,53.4, ,3.5, ,83.4, ,64.2, 
152,Camarillo,Central Coast Valleys,10/5/2025,278,0.14, ,0.00, ,454, ,15.3, ,76.4, ,48.7, ,62.5, ,96, ,52, ,79, ,56.0, ,2.8, ,68.0, ,63.3, 
152,Camarillo,Central Coast Valleys,10/6/2025,279,0.13, ,0.00, ,436, ,17.3, ,74.2, ,54.8, ,64.4, ,99, ,67, ,84, ,59.4, ,3.3, ,79.9, ,63.8, 
152,Camarillo,Central Coast Valleys,10/7/2025,280,0.12, ,0.00, ,384, ,17.5, ,73.4, ,59.2, ,65.4, ,92, ,66, ,82, ,59.7, ,3.3, ,79.2, ,64.9, 
152,Camarillo,Central Coast Valleys,10/8/2025,281,0.13, ,0.00, ,411, ,16.3, ,74.1, ,54.7, ,64.4, ,94, ,59, ,79, ,57.7, ,3.6, ,85.6, ,64.6, 
152,Camarillo,Central Coast Valleys,10/9/2025,282,0.14, ,0.00, ,446, ,15.2, ,75.9, ,51.4, ,62.6, ,96, ,52, ,78, ,55.7, ,3.5, ,84.9, ,63.2, 
152,Camarillo,Central Coast Valleys,10/10/2025,283,0.14, ,0.00, ,421, ,15.8, ,78.1, ,53.7, ,64.3, ,94, ,54, ,77, ,56.9, ,3.1, ,74.3, ,63.2, 
152,Camarillo,Central Coast Valleys,10/11/2025,284,0.14, ,0.00, ,435, ,14.8, ,78.1, ,49.7, ,63.1, ,96, ,48, ,75, ,55.1, ,3.3, ,80.1, ,62.4, 
152,Camarillo,Central Coast Valleys,10/12/2025,285,0.14, ,0.00, ,438, ,11.9, ,77.5, ,50.9, ,62.0, ,86, ,38, ,63, ,49.2, ,3.3, ,79.0, ,61.4, 
152,Camarillo,Central Coast Valleys,10/13/2025,286,0.10, ,0.00, ,304, ,14.5, ,74.0, ,52.6, ,63.2, ,95, ,52, ,73, ,54.5, ,3.6, ,86.4, ,60.6, 
152,Camarillo,Central Coast Valleys,10/14/2025,287,0.05, ,0.89, ,210, ,14.6, ,65.1, ,53.0, ,58.7, ,99, ,61, ,86, ,54.6, ,3.9, ,93.6, ,60.7, 
152,Camarillo,Central Coast Valleys,10/15/2025,288,0.12, ,0.00, ,424, ,12.4, ,68.1, ,48.8, ,58.2, ,96, ,53, ,75, ,50.3, ,3.6, ,85.8, ,59.1, 
152,Camarillo,Central Coast Valleys,10/16/2025,289,0.13, ,0.00, ,425, ,12.2, ,77.1, ,48.4, ,60.5, ,88, ,41, ,68, ,49.8, ,3.5, ,83.8, ,58.6, 
152,Camarillo,Central Coast Valleys,10/17/2025,290,0.16, ,0.00, ,426, ,11.4, ,86.1, ,50.6, ,66.3, ,84, ,22, ,52, ,48.1, ,4.1, ,98.3, ,58.8, 
152,Camarillo,Central Coast Valleys,10/18/2025,291,0.14, ,0.00, ,418, ,12.7, ,82.3, ,51.7, ,65.2, ,85, ,35, ,60, ,50.9, ,3.3, ,80.3, ,59.3, 
152,Camarillo,Central Coast Valleys,10/19/2025,292,0.13, ,0.00, ,412, ,13.3, ,79.6, ,50.5, ,64.0, ,91, ,39, ,65, ,52.1, ,3.3, ,79.0, ,59.6, 
152,Camarillo,Central Coast Valleys,10/20/2025,293,0.13, ,0.00, ,407, ,14.0, ,76.7, ,48.0, ,62.1, ,95, ,50, ,74, ,53.5, ,3.3, ,79.8, ,59.2, 
152,Camarillo,Central Coast Valleys,10/21/2025,294,0.10, ,0.00, ,364, ,14.9, ,75.6, ,47.4, ,60.4, ,97, ,54, ,83, ,55.2, ,3.1, ,73.2, ,59.0, 
152,Camarillo,Central Coast Valleys,10/22/2025,295,0.11, ,0.00, ,390, ,15.8, ,70.5, ,56.8, ,63.1, ,97, ,62, ,80, ,56.8, ,3.7, ,89.3, ,60.3, 
152,Camarillo,Central Coast Valleys,10/23/2025,296,0.11, ,0.00, ,382, ,15.4, ,73.8, ,51.7, ,61.4, ,97, ,63, ,83, ,56.1, ,3.3, ,78.4, ,60.2, 
152,Camarillo,Central Coast Valleys,10/24/2025,297,0.11, ,0.00, ,377, ,16.0, ,72.6, ,50.1, ,61.1, ,97, ,70, ,87, ,57.3, ,3.3, ,79.0, ,59.7, 
152,Camarillo,Central Coast Valleys,10/25/2025,298,0.10, ,0.00, ,364, ,15.8, ,69.7, ,53.1, ,60.6, ,98, ,70, ,88, ,56.9, ,2.8, ,68.1, ,61.2, 
152,Camarillo,Central Coast Valleys,10/26/2025,299,0.08, ,0.00, ,303, ,15.1, ,69.0, ,50.6, ,58.7, ,97, ,73, ,89, ,55.6, ,2.6, ,62.3, ,60.0, 
152,Camarillo,Central Coast Valleys,10/27/2025,300,0.10, ,0.01, ,363, ,15.6, ,71.9, ,50.7, ,60.5, ,98, ,69, ,87, ,56.5, ,2.8, ,67.1, ,59.7, 
152,Camarillo,Central Coast Valleys,10/28/2025,301,0.17,R,0.00, ,371, ,10.9, ,93.4,Y,49.1, ,71.3,H,96,H,13,H,42, ,46.8, ,4.4, ,105.0, ,59.2, 
152,Camarillo,Central Coast Valleys,10/29/2025,302,0.19,R,0.00, ,369, ,7.8, ,95.8,Y,61.4,Y,77.5,Y,52, ,12, ,24,Y,38.1,Y,4.3, ,103.4, ,60.0, 
152,Camarillo,Central Coast Valleys,10/30/2025,303,0.14, ,0.00, ,364, ,11.4, ,81.7, ,53.0, ,66.2, ,90, ,33, ,52, ,48.0, ,3.0, ,72.2, ,59.8, 
152,Camarillo,Central Coast Valleys,10/31/2025,304,0.10, ,0.00, ,353, ,15.1, ,72.2, ,48.9, ,59.6, ,98, ,66, ,86, ,55.6, ,2.7, ,64.4, ,59.4, 
                                                                                                                                                                                                                                                                                                                                                                                                                                                                                                                                                                                                                                                                                                                                                                                                                                                                                                                                                                                                                                                                